worker_id,skill,skill_match,distance,availability,experience,rating,workload,experience_score,rating_score,distance_score,workload_score,match_score,selected
1,Cleaning,1,13.94,1,6,4.3,2,0.3,0.86,0.30300000000000005,0.8,75.66,1
2,Painting,0,5.42,1,6,3.2,0,0.3,0.64,0.729,1.0,48.980000000000004,1
3,Carpentry,1,6.5,1,16,4.3,6,0.8,0.86,0.675,0.4,84.10000000000001,1
4,Painting,1,12.47,1,4,5.0,3,0.2,1.0,0.37649999999999995,0.7,76.52999999999999,1
5,Painting,0,18.01,0,11,3.1,0,0.55,0.62,0.09949999999999992,1.0,23.69,0
6,Electrical,1,16.29,1,9,5.0,7,0.45,1.0,0.1855,0.30000000000000004,71.21000000000001,1
7,Carpentry,1,11.87,0,3,3.8,5,0.15,0.76,0.4065000000000001,0.5,57.230000000000004,1
8,Carpentry,0,14.74,1,19,4.7,5,0.95,0.9400000000000001,0.263,0.5,44.16,1
9,Carpentry,1,7.61,1,8,4.6,1,0.4,0.9199999999999999,0.6194999999999999,0.9,84.59,1
10,Painting,1,13.0,0,5,4.1,0,0.25,0.82,0.35,1.0,62.7,0
11,Cleaning,0,9.59,1,4,4.5,1,0.2,0.9,0.5205,0.9,45.410000000000004,0
12,Carpentry,1,4.2,1,6,4.8,3,0.3,0.96,0.79,0.7,85.39999999999999,0
13,Gardening,1,14.18,1,2,3.8,1,0.1,0.76,0.29100000000000004,0.9,73.42,0
14,Painting,1,11.35,1,20,3.7,0,1.0,0.74,0.4325,1.0,86.05,1
15,Electrical,1,7.49,1,11,4.3,6,0.55,0.86,0.6255,0.4,80.61,1
16,Cleaning,1,18.27,0,4,4.6,10,0.2,0.9199999999999999,0.08650000000000002,0.0,47.92999999999999,0
17,Gardening,1,0.91,1,15,4.5,10,0.75,0.9,0.9545,0.0,85.59,1
18,Gardening,0,6.66,0,6,4.6,7,0.3,0.9199999999999999,0.667,0.30000000000000004,28.540000000000003,0
19,Electrical,1,1.61,1,17,3.9,5,0.85,0.78,0.9195,0.5,89.69,1
20,Cleaning,1,15.45,1,6,4.6,3,0.3,0.9199999999999999,0.22750000000000004,0.7,73.75,1
21,Painting,0,14.19,1,19,3.2,5,0.95,0.64,0.2905,0.5,41.71,1
22,Plumbing,1,6.96,1,2,4.1,2,0.1,0.82,0.652,0.8,80.24,1
23,Cleaning,1,13.68,0,15,3.0,7,0.75,0.6,0.31600000000000006,0.30000000000000004,57.82000000000001,1
24,Electrical,1,8.22,1,11,3.6,9,0.55,0.72,0.589,0.09999999999999998,75.48,1
25,Gardening,1,15.25,1,8,3.7,1,0.4,0.74,0.23750000000000004,0.9,75.14999999999999,1
26,Painting,1,9.36,1,19,3.8,4,0.95,0.76,0.532,0.6,83.74,1
27,Cleaning,1,8.54,1,13,4.4,0,0.65,0.8800000000000001,0.5730000000000001,1.0,86.76,1
28,Plumbing,1,18.73,1,12,3.8,5,0.6,0.76,0.0635,0.5,69.87,1
29,Plumbing,1,5.39,1,5,3.9,1,0.25,0.78,0.7305,0.9,83.91000000000001,1
30,Carpentry,1,2.85,1,6,3.5,3,0.3,0.7,0.8574999999999999,0.7,84.14999999999999,1
31,Carpentry,1,11.9,0,4,3.7,5,0.2,0.74,0.405,0.5,57.50000000000001,0
32,Electrical,1,19.4,1,19,3.5,9,0.95,0.7,0.030000000000000027,0.09999999999999998,68.1,1
33,Cleaning,1,7.87,1,20,3.1,10,1.0,0.62,0.6065,0.0,78.32999999999998,1
34,Cleaning,1,1.71,1,1,4.2,7,0.05,0.8400000000000001,0.9145,0.30000000000000004,80.19000000000001,0
35,Gardening,1,7.12,1,20,4.3,7,1.0,0.86,0.644,0.30000000000000004,84.48,0
36,Gardening,0,10.37,1,17,4.2,10,0.85,0.8400000000000001,0.48150000000000004,0.0,41.53000000000001,1
37,Gardening,1,3.66,1,12,3.9,5,0.6,0.78,0.817,0.5,85.14000000000001,1
38,Carpentry,1,13.33,1,15,3.8,3,0.75,0.76,0.3335,0.7,78.77,1
39,Cleaning,0,19.96,1,1,4.7,7,0.05,0.9400000000000001,0.0020000000000000018,0.30000000000000004,27.940000000000005,0
40,Cleaning,1,9.31,1,14,4.0,7,0.7,0.8,0.5345,0.30000000000000004,78.69,1
41,Plumbing,1,7.42,1,6,4.0,9,0.3,0.8,0.629,0.09999999999999998,74.58,1
42,Carpentry,1,8.31,1,5,3.1,0,0.25,0.62,0.5845,1.0,80.39,1
43,Painting,1,2.75,1,11,3.7,3,0.55,0.74,0.8625,0.7,87.14999999999999,1
44,Carpentry,1,17.72,0,4,3.8,3,0.2,0.76,0.1140000000000001,0.7,53.88,0
45,Painting,1,8.59,0,13,3.8,6,0.65,0.76,0.5705,0.4,64.51,1
46,Plumbing,0,8.05,1,11,4.2,10,0.55,0.8400000000000001,0.5974999999999999,0.0,40.849999999999994,1
47,Electrical,1,13.36,1,3,4.1,6,0.15,0.82,0.3320000000000001,0.4,70.34,1
48,Cleaning,1,9.12,1,1,4.2,10,0.05,0.8400000000000001,0.544,0.0,69.78,1
49,Plumbing,1,13.14,1,6,4.5,7,0.3,0.9,0.34299999999999997,0.30000000000000004,71.86,1
50,Cleaning,1,1.7,0,18,4.6,10,0.9,0.9199999999999999,0.915,0.0,71.5,1
51,Gardening,1,16.37,1,10,4.4,4,0.5,0.8800000000000001,0.1815,0.6,73.43000000000002,0
52,Electrical,1,18.84,1,5,4.9,6,0.25,0.9800000000000001,0.05800000000000005,0.4,67.46,0
53,Electrical,0,13.15,1,10,3.0,7,0.5,0.6,0.3425,0.30000000000000004,35.85,1
54,Plumbing,0,19.11,1,12,3.4,8,0.6,0.6799999999999999,0.044499999999999984,0.19999999999999996,30.69,1
55,Electrical,1,3.45,1,2,3.0,2,0.1,0.6,0.8275,0.8,81.55000000000001,1
56,Painting,1,9.81,0,13,4.3,2,0.65,0.86,0.5095,0.8,68.28999999999998,0
57,Electrical,1,12.24,1,8,4.8,3,0.4,0.96,0.388,0.7,78.36,1
58,Cleaning,1,11.84,1,2,3.5,4,0.1,0.7,0.40800000000000003,0.6,72.16,1
59,Cleaning,0,8.33,1,20,4.9,9,1.0,0.9800000000000001,0.5835,0.09999999999999998,47.470000000000006,0
60,Cleaning,1,7.09,1,1,3.1,0,0.05,0.62,0.6455,1.0,79.60999999999999,1
61,Cleaning,1,2.97,0,5,4.9,6,0.25,0.9800000000000001,0.8514999999999999,0.4,68.33,1
62,Painting,1,8.14,1,9,3.7,8,0.45,0.74,0.593,0.19999999999999996,75.75999999999999,1
63,Carpentry,1,3.67,1,17,3.2,7,0.85,0.64,0.8165,0.30000000000000004,84.23,1
64,Gardening,1,14.82,1,9,4.0,4,0.45,0.8,0.259,0.6,73.68,1
65,Plumbing,0,4.57,1,11,3.5,3,0.55,0.7,0.7715,0.7,49.93,0
66,Cleaning,1,1.64,0,15,3.6,6,0.75,0.72,0.918,0.4,72.06,1
67,Electrical,1,11.27,1,6,3.6,4,0.3,0.72,0.4365,0.6,74.92999999999998,1
68,Cleaning,1,12.11,0,3,4.6,6,0.15,0.9199999999999999,0.3945000000000001,0.4,57.59000000000001,0
69,Electrical,1,17.5,1,17,4.1,0,0.85,0.82,0.125,1.0,79.19999999999999,1
70,Gardening,0,11.75,1,5,3.6,0,0.25,0.72,0.4125,1.0,42.95,1
71,Gardening,0,7.24,1,12,4.2,9,0.6,0.8400000000000001,0.638,0.09999999999999998,43.160000000000004,1
72,Gardening,1,16.16,1,18,4.4,2,0.9,0.8800000000000001,0.19199999999999995,0.8,79.64,1
73,Electrical,1,11.04,0,14,3.5,10,0.7,0.7,0.44800000000000006,0.0,57.95999999999999,1
74,Cleaning,0,2.05,1,11,3.8,1,0.55,0.76,0.8975,0.9,55.05,0
75,Gardening,0,11.53,1,9,3.2,1,0.45,0.64,0.4235,0.9,43.370000000000005,1
76,Painting,0,18.21,1,2,3.4,6,0.1,0.6799999999999999,0.08949999999999991,0.4,28.589999999999993,1
77,Electrical,1,8.23,0,12,4.4,9,0.6,0.8800000000000001,0.5885,0.09999999999999998,62.570000000000014,0
78,Electrical,0,6.28,1,3,3.4,1,0.15,0.6799999999999999,0.6859999999999999,0.9,46.02,0
79,Cleaning,1,3.3,1,3,4.1,10,0.15,0.82,0.835,0.0,76.4,1
80,Electrical,1,3.45,1,1,4.4,3,0.05,0.8800000000000001,0.8275,0.7,82.85,1
81,Electrical,1,8.94,1,8,3.2,1,0.4,0.64,0.553,0.9,80.46000000000001,0
82,Gardening,0,12.12,1,8,4.1,5,0.4,0.82,0.394,0.5,40.080000000000005,1
83,Cleaning,1,2.07,1,11,3.5,7,0.55,0.7,0.8965,0.30000000000000004,83.43,1
84,Gardening,0,18.82,0,9,4.9,9,0.45,0.9800000000000001,0.05899999999999994,0.09999999999999998,16.480000000000004,0
85,Gardening,1,15.23,1,5,4.0,3,0.25,0.8,0.23849999999999993,0.7,72.27,1
86,Cleaning,1,11.94,0,14,4.6,4,0.7,0.9199999999999999,0.403,0.6,65.25999999999999,1
87,Plumbing,1,16.65,1,3,4.1,3,0.15,0.82,0.1675000000000001,0.7,70.04999999999998,0
88,Gardening,1,2.06,1,5,3.1,2,0.25,0.62,0.897,0.8,84.64,1
89,Painting,1,9.8,0,5,4.3,4,0.25,0.86,0.51,0.6,62.3,0
90,Painting,1,12.79,1,19,4.9,8,0.95,0.9800000000000001,0.36050000000000004,0.19999999999999996,78.50999999999999,1
91,Electrical,1,16.66,0,14,4.2,7,0.7,0.8400000000000001,0.16700000000000004,0.30000000000000004,56.74,1
92,Painting,1,15.78,1,4,4.6,7,0.2,0.9199999999999999,0.21100000000000008,0.30000000000000004,68.42,0
93,Electrical,1,5.9,1,13,4.8,7,0.65,0.96,0.705,0.30000000000000004,83.2,1
94,Plumbing,1,18.85,0,10,3.5,7,0.5,0.7,0.057499999999999885,0.30000000000000004,51.15,0
95,Cleaning,1,2.92,1,18,3.4,6,0.9,0.6799999999999999,0.854,0.4,86.88,1
96,Cleaning,1,17.57,1,8,4.2,7,0.4,0.8400000000000001,0.12149999999999994,0.30000000000000004,67.83000000000001,1
97,Cleaning,1,19.43,1,8,3.8,10,0.4,0.76,0.02849999999999997,0.0,62.169999999999995,1
98,Painting,1,3.95,0,7,4.7,7,0.35,0.9400000000000001,0.8025,0.30000000000000004,66.95,1
99,Plumbing,1,14.58,1,8,4.8,7,0.4,0.96,0.271,0.30000000000000004,72.02000000000001,1
100,Painting,1,1.29,1,14,3.7,9,0.7,0.74,0.9355,0.09999999999999998,84.11,1
101,Painting,0,8.41,1,19,3.5,6,0.95,0.7,0.5795,0.4,47.089999999999996,0
102,Plumbing,1,10.57,0,6,4.6,0,0.3,0.9199999999999999,0.47150000000000003,1.0,66.63,1
103,Plumbing,1,11.82,0,1,3.5,3,0.05,0.7,0.40900000000000003,0.7,57.679999999999986,1
104,Plumbing,1,18.75,1,15,4.6,3,0.75,0.9199999999999999,0.0625,0.7,74.94999999999999,1
105,Plumbing,1,13.61,1,1,3.8,4,0.05,0.76,0.3195,0.6,70.49000000000001,0
106,Cleaning,1,9.88,0,17,4.3,9,0.85,0.86,0.506,0.09999999999999998,63.22,1
107,Carpentry,0,16.29,1,1,3.2,5,0.05,0.64,0.1855,0.5,30.61,0
108,Carpentry,1,19.04,1,15,4.2,3,0.75,0.8400000000000001,0.04800000000000004,0.7,73.86,0
109,Plumbing,0,0.93,1,2,3.9,1,0.1,0.78,0.9535,0.9,51.870000000000005,1
110,Carpentry,0,19.66,1,14,4.2,5,0.7,0.8400000000000001,0.017000000000000015,0.5,35.74,0
111,Carpentry,1,2.18,1,8,3.3,7,0.4,0.6599999999999999,0.891,0.30000000000000004,81.42,1
112,Plumbing,1,16.38,1,8,4.5,7,0.4,0.9,0.18100000000000005,0.30000000000000004,69.62,1
113,Carpentry,1,5.97,1,19,4.7,6,0.95,0.9400000000000001,0.7015,0.4,86.92999999999999,0
114,Painting,1,3.08,0,7,3.4,5,0.35,0.6799999999999999,0.846,0.5,67.22,0
115,Electrical,0,9.08,1,19,3.2,1,0.95,0.64,0.546,0.9,50.82,0
116,Electrical,1,13.06,1,6,3.0,6,0.3,0.6,0.347,0.4,69.94,0
117,Plumbing,1,7.93,1,6,4.3,10,0.3,0.86,0.6035,0.0,73.67,0
118,Cleaning,1,1.56,1,3,4.2,4,0.15,0.8400000000000001,0.922,0.6,84.34000000000002,1
119,Plumbing,1,12.19,1,7,4.1,5,0.35,0.82,0.39050000000000007,0.5,74.51,0
120,Cleaning,1,18.1,0,19,3.5,9,0.95,0.7,0.09499999999999997,0.09999999999999998,54.39999999999999,1
121,Electrical,1,7.97,1,8,3.8,7,0.4,0.76,0.6015,0.30000000000000004,76.63,0
122,Plumbing,0,4.72,1,10,4.2,7,0.5,0.8400000000000001,0.764,0.30000000000000004,46.68000000000001,1
123,Gardening,1,9.13,1,20,4.0,2,1.0,0.8,0.5435,0.8,86.87,1
124,Painting,1,1.44,1,15,5.0,6,0.75,1.0,0.928,0.4,90.06,1
125,Carpentry,0,16.5,1,15,3.3,0,0.75,0.6599999999999999,0.17500000000000004,1.0,42.6,0
126,Cleaning,0,16.61,0,1,4.4,0,0.05,0.8800000000000001,0.16949999999999998,1.0,22.69,0
127,Gardening,1,11.97,1,20,3.8,6,1.0,0.76,0.40149999999999997,0.4,79.63,0
128,Carpentry,1,7.39,0,7,3.9,9,0.35,0.78,0.6305000000000001,0.09999999999999998,59.91,0
129,Carpentry,0,16.1,1,4,4.4,8,0.2,0.8800000000000001,0.19499999999999995,0.19999999999999996,31.700000000000006,0
130,Plumbing,1,11.32,1,6,4.4,6,0.3,0.8800000000000001,0.43399999999999994,0.4,74.48000000000002,1
131,Carpentry,1,16.61,1,1,5.0,9,0.05,1.0,0.16949999999999998,0.09999999999999998,64.88999999999999,1
132,Painting,1,12.81,1,5,3.3,4,0.25,0.6599999999999999,0.35949999999999993,0.6,72.28999999999999,1
133,Gardening,1,15.8,1,1,3.2,7,0.05,0.64,0.20999999999999996,0.30000000000000004,64.1,1
134,Carpentry,1,12.17,0,4,4.4,1,0.2,0.8800000000000001,0.39149999999999996,0.9,62.629999999999995,1
135,Plumbing,1,8.58,1,2,4.2,8,0.1,0.8400000000000001,0.571,0.19999999999999996,72.82,0
136,Painting,1,19.18,1,10,3.5,5,0.5,0.7,0.041000000000000036,0.5,67.82000000000001,1
137,Electrical,1,11.05,1,5,3.2,8,0.25,0.64,0.4475,0.19999999999999996,69.85000000000001,1
138,Gardening,1,12.3,1,10,3.2,1,0.5,0.64,0.385,0.9,78.10000000000001,1
139,Carpentry,0,4.8,0,1,4.8,2,0.05,0.96,0.76,0.8,33.300000000000004,0
140,Plumbing,1,12.7,1,6,3.4,7,0.3,0.6799999999999999,0.365,0.30000000000000004,70.1,0
141,Electrical,1,11.65,0,13,3.6,0,0.65,0.72,0.4175,1.0,67.05,0
142,Electrical,1,4.1,1,15,3.5,9,0.75,0.7,0.795,0.09999999999999998,81.39999999999999,1
143,Cleaning,1,1.66,1,4,3.7,6,0.2,0.74,0.917,0.4,81.74,1
144,Painting,1,12.29,0,13,3.1,6,0.65,0.62,0.38550000000000006,0.4,59.41000000000001,1
145,Carpentry,1,15.39,1,20,4.0,0,1.0,0.8,0.23049999999999993,1.0,82.61,1
146,Plumbing,1,10.71,0,15,3.1,8,0.75,0.62,0.4644999999999999,0.19999999999999996,59.99000000000001,1
147,Cleaning,1,4.92,1,8,4.6,7,0.4,0.9199999999999999,0.754,0.30000000000000004,81.28,1
148,Painting,1,13.5,1,5,3.5,3,0.25,0.7,0.32499999999999996,0.7,72.99999999999999,1
149,Cleaning,1,2.06,0,15,4.1,9,0.75,0.82,0.897,0.09999999999999998,69.64,1
150,Gardening,1,9.12,1,4,4.8,10,0.2,0.96,0.544,0.0,72.48,1
151,Painting,1,3.69,0,12,4.3,4,0.6,0.86,0.8155,0.6,71.90999999999998,0
152,Painting,0,4.1,0,13,4.1,1,0.65,0.82,0.795,0.9,39.60000000000001,0
153,Carpentry,1,4.44,1,2,3.6,8,0.1,0.72,0.778,0.19999999999999996,75.76,1
154,Painting,1,8.04,1,19,3.7,5,0.95,0.74,0.5980000000000001,0.5,83.86,1
155,Cleaning,1,1.5,0,19,4.3,2,0.95,0.86,0.925,0.8,79.60000000000001,0
156,Painting,1,8.26,1,4,5.0,6,0.2,1.0,0.587,0.4,77.74,1
157,Carpentry,1,10.48,1,4,4.3,8,0.2,0.86,0.476,0.19999999999999996,72.11999999999999,1
158,Carpentry,1,9.92,1,11,4.1,2,0.55,0.82,0.504,0.8,81.78,1
159,Gardening,1,7.96,1,5,4.5,1,0.25,0.9,0.602,0.9,82.53999999999999,1
160,Cleaning,1,16.86,1,20,3.9,6,1.0,0.78,0.15700000000000003,0.4,74.94000000000001,1
161,Electrical,1,3.33,1,11,3.1,6,0.55,0.62,0.8335,0.4,82.37,1
162,Electrical,1,10.36,1,10,4.1,3,0.5,0.82,0.482,0.7,79.83999999999999,1
163,Painting,1,1.71,1,8,4.9,10,0.4,0.9800000000000001,0.9145,0.0,82.09,1
164,Gardening,1,1.89,1,6,3.4,8,0.3,0.6799999999999999,0.9055,0.19999999999999996,79.91,1
165,Plumbing,1,11.69,1,6,4.4,7,0.3,0.8800000000000001,0.4155,0.30000000000000004,73.11000000000001,1
166,Painting,0,11.54,0,8,3.4,0,0.4,0.6799999999999999,0.42300000000000004,1.0,29.259999999999998,1
167,Gardening,1,17.62,1,15,4.1,0,0.75,0.82,0.119,1.0,78.08,1
168,Cleaning,1,11.38,1,14,3.2,4,0.7,0.64,0.43099999999999994,0.6,78.02,1
169,Cleaning,1,19.22,1,11,3.9,5,0.55,0.78,0.039000000000000035,0.5,69.08000000000001,1
170,Cleaning,1,1.45,1,12,4.5,2,0.6,0.9,0.9275,0.8,91.55,1
171,Cleaning,1,2.41,1,13,3.7,8,0.65,0.74,0.8795,0.19999999999999996,83.49000000000001,1
172,Cleaning,1,1.36,0,8,4.3,9,0.4,0.86,0.9319999999999999,0.09999999999999998,67.24,1
173,Gardening,0,4.11,0,18,4.6,5,0.9,0.9199999999999999,0.7945,0.5,39.089999999999996,0
174,Gardening,1,11.05,1,1,4.9,3,0.05,0.9800000000000001,0.4475,0.7,76.25,1
175,Carpentry,1,13.09,1,15,3.5,6,0.75,0.7,0.34550000000000003,0.4,75.40999999999998,1
176,Electrical,1,1.39,1,8,3.8,7,0.4,0.76,0.9305,0.30000000000000004,83.21000000000001,1
177,Cleaning,1,18.95,1,11,3.3,8,0.55,0.6599999999999999,0.05249999999999999,0.19999999999999996,65.14999999999999,0
178,Plumbing,1,16.92,1,12,5.0,10,0.6,1.0,0.15399999999999991,0.0,69.08,1
179,Gardening,0,6.28,1,12,4.9,5,0.6,0.9800000000000001,0.6859999999999999,0.5,49.52,1
180,Plumbing,1,2.01,1,4,4.1,5,0.2,0.82,0.8995,0.5,83.19000000000001,1
181,Plumbing,1,3.81,0,16,4.7,7,0.8,0.9400000000000001,0.8095,0.30000000000000004,71.59,1
182,Plumbing,1,2.98,1,4,4.0,4,0.2,0.8,0.851,0.6,83.02000000000001,1
183,Carpentry,1,2.9,1,5,4.2,2,0.25,0.8400000000000001,0.855,0.8,86.00000000000001,0
184,Gardening,1,10.61,0,5,3.2,2,0.25,0.64,0.46950000000000003,0.8,61.29,0
185,Plumbing,1,5.29,1,8,4.5,5,0.4,0.9,0.7355,0.5,82.71000000000001,1
186,Cleaning,1,7.48,1,10,3.3,1,0.5,0.6599999999999999,0.626,0.9,83.11999999999999,1
187,Painting,1,19.8,1,17,4.7,5,0.85,0.9400000000000001,0.010000000000000009,0.5,73.1,0
188,Plumbing,1,13.84,1,9,4.6,5,0.45,0.9199999999999999,0.30800000000000005,0.5,74.86,1
189,Carpentry,1,19.01,1,19,4.4,7,0.95,0.8800000000000001,0.04949999999999988,0.30000000000000004,72.28999999999999,1
190,Gardening,1,3.28,0,14,3.1,6,0.7,0.62,0.8360000000000001,0.4,68.92,1
191,Carpentry,1,7.95,1,8,3.6,7,0.4,0.72,0.6025,0.30000000000000004,76.25,1
192,Plumbing,1,11.32,1,9,3.5,8,0.45,0.7,0.43399999999999994,0.19999999999999996,72.18,0
193,Gardening,1,2.0,0,11,3.7,5,0.55,0.74,0.9,0.5,70.9,0
194,Painting,1,0.58,1,1,3.2,2,0.05,0.64,0.971,0.8,84.32000000000002,1
195,Plumbing,1,13.57,1,14,4.9,9,0.7,0.9800000000000001,0.3215,0.09999999999999998,74.22999999999999,1
196,Carpentry,0,13.02,1,5,4.1,2,0.25,0.82,0.349,0.8,40.68,0
197,Electrical,0,8.51,1,14,3.6,10,0.7,0.72,0.5745,0.0,40.690000000000005,1
198,Cleaning,1,10.05,0,4,3.8,0,0.2,0.76,0.49749999999999994,1.0,64.55,0
199,Carpentry,1,8.6,1,1,3.9,10,0.05,0.78,0.5700000000000001,0.0,69.7,0
200,Gardening,1,0.97,1,19,4.2,4,0.95,0.8400000000000001,0.9515,0.6,92.93,1
201,Plumbing,1,7.04,1,8,4.0,3,0.4,0.8,0.648,0.7,81.96,1
202,Cleaning,1,3.95,0,15,4.8,8,0.75,0.96,0.8025,0.19999999999999996,70.14999999999999,1
203,Plumbing,0,2.42,1,15,4.0,8,0.75,0.8,0.879,0.19999999999999996,50.080000000000005,1
204,Gardening,1,19.16,1,9,5.0,4,0.45,1.0,0.04200000000000004,0.6,71.34,0
205,Plumbing,1,12.19,1,9,4.7,9,0.45,0.9400000000000001,0.39050000000000007,0.09999999999999998,72.71,1
206,Electrical,1,14.71,0,10,3.4,3,0.5,0.6799999999999999,0.26449999999999996,0.7,59.08999999999999,1
207,Cleaning,1,6.65,1,20,4.9,6,1.0,0.9800000000000001,0.6675,0.4,87.14999999999999,1
208,Cleaning,1,8.17,1,9,3.2,5,0.45,0.64,0.5915,0.5,77.73,1
209,Gardening,1,5.12,1,3,4.6,3,0.15,0.9199999999999999,0.744,0.7,82.58,1
210,Electrical,1,2.39,1,20,3.8,9,1.0,0.76,0.8805,0.09999999999999998,86.21000000000001,1
211,Carpentry,1,3.99,1,11,4.8,1,0.55,0.96,0.8005,0.9,90.11,1
212,Plumbing,1,16.05,1,6,4.7,0,0.3,0.9400000000000001,0.1975,1.0,76.35,1
213,Painting,1,13.71,0,2,4.6,3,0.1,0.9199999999999999,0.3145,0.7,58.489999999999995,0
214,Plumbing,0,11.17,1,7,4.6,3,0.35,0.9199999999999999,0.4415,0.7,43.529999999999994,0
215,Plumbing,1,9.76,1,18,3.6,0,0.9,0.72,0.512,1.0,86.43999999999998,1
216,Carpentry,0,18.49,1,2,3.2,5,0.1,0.64,0.07550000000000012,0.5,28.910000000000004,0
217,Plumbing,1,1.92,0,17,3.8,3,0.85,0.76,0.904,0.7,76.17999999999999,1
218,Electrical,1,5.97,0,11,3.3,0,0.55,0.6599999999999999,0.7015,1.0,71.13,0
219,Electrical,1,7.32,1,12,4.4,0,0.6,0.8800000000000001,0.634,1.0,87.48000000000002,1
220,Cleaning,1,15.76,1,19,3.7,0,0.95,0.74,0.21199999999999997,1.0,81.13999999999999,0
221,Gardening,0,19.85,1,7,5.0,7,0.35,1.0,0.007499999999999951,0.30000000000000004,31.65,0
222,Painting,1,5.19,0,20,4.3,9,1.0,0.86,0.7404999999999999,0.09999999999999998,69.41,1
223,Plumbing,1,17.55,1,6,4.6,7,0.3,0.9199999999999999,0.12249999999999994,0.30000000000000004,67.65,1
224,Plumbing,1,16.7,1,1,3.3,1,0.05,0.6599999999999999,0.16500000000000004,0.9,69.39999999999999,1
225,Carpentry,0,4.88,0,17,4.7,10,0.85,0.9400000000000001,0.756,0.0,33.02,0
226,Gardening,1,8.29,0,11,4.8,6,0.55,0.96,0.5855,0.4,65.81,1
227,Electrical,0,8.49,1,18,4.0,7,0.9,0.8,0.5755,0.30000000000000004,46.510000000000005,1
228,Painting,0,19.58,1,17,4.2,7,0.85,0.8400000000000001,0.02100000000000013,0.30000000000000004,35.32000000000001,0
229,Cleaning,1,4.03,1,7,4.5,10,0.35,0.9,0.7985,0.0,78.47000000000001,0
230,Electrical,1,16.08,1,17,3.3,9,0.85,0.6599999999999999,0.19600000000000006,0.09999999999999998,70.02,1
231,Gardening,1,7.02,1,20,4.0,10,1.0,0.8,0.649,0.0,80.98,1
232,Cleaning,0,14.75,0,9,3.8,6,0.45,0.76,0.26249999999999996,0.4,21.35,0
233,Carpentry,1,8.69,1,17,3.3,4,0.85,0.6599999999999999,0.5655,0.6,82.40999999999998,1
234,Carpentry,1,11.78,1,20,3.7,0,1.0,0.74,0.41100000000000003,1.0,85.61999999999999,1
235,Plumbing,1,16.74,1,8,3.1,8,0.4,0.62,0.16300000000000003,0.19999999999999996,65.46000000000001,1
236,Gardening,1,16.18,1,17,3.1,6,0.85,0.62,0.19100000000000006,0.4,72.52000000000001,1
237,Painting,1,17.4,1,7,3.3,1,0.35,0.6599999999999999,0.13000000000000012,0.9,71.7,1
238,Cleaning,1,1.66,1,1,4.9,5,0.05,0.9800000000000001,0.917,0.5,83.64,1
239,Electrical,1,13.99,1,13,4.1,1,0.65,0.82,0.3005,0.9,79.71,1
240,Gardening,1,3.23,1,19,4.9,0,0.95,0.9800000000000001,0.8385,1.0,96.07,1
241,Gardening,1,8.61,1,19,3.9,6,0.95,0.78,0.5695,0.4,82.69,0
242,Carpentry,1,11.2,0,17,3.6,1,0.85,0.72,0.44000000000000006,0.9,68.5,0
243,Plumbing,1,8.35,0,13,4.0,1,0.65,0.8,0.5825,0.9,70.14999999999999,0
244,Plumbing,1,10.63,1,16,3.9,10,0.8,0.78,0.4684999999999999,0.0,75.17,1
245,Cleaning,0,19.93,1,8,3.2,4,0.4,0.64,0.0035000000000000586,0.6,31.470000000000002,0
246,Carpentry,1,3.14,0,19,4.3,4,0.95,0.86,0.843,0.6,75.95999999999998,0
247,Gardening,1,13.67,1,18,3.4,6,0.9,0.6799999999999999,0.3165,0.4,76.13,1
248,Painting,1,8.22,0,1,4.2,0,0.05,0.8400000000000001,0.589,1.0,65.67999999999999,0
249,Carpentry,1,3.09,1,14,4.3,7,0.7,0.86,0.8455,0.30000000000000004,85.50999999999999,0
250,Cleaning,1,3.6,1,19,3.3,2,0.95,0.6599999999999999,0.8200000000000001,0.8,90.5,1
251,Cleaning,1,19.01,1,15,3.1,3,0.75,0.62,0.04949999999999988,0.7,71.69,1
252,Carpentry,1,17.65,1,18,4.6,8,0.9,0.9199999999999999,0.11750000000000005,0.19999999999999996,72.55,1
253,Cleaning,1,18.19,1,2,3.9,3,0.1,0.78,0.09049999999999991,0.7,67.61,0
254,Carpentry,1,19.83,0,17,3.1,9,0.85,0.62,0.008500000000000063,0.09999999999999998,50.870000000000005,1
255,Electrical,0,4.56,1,18,5.0,4,0.9,1.0,0.772,0.6,55.44,1
256,Carpentry,1,7.43,1,6,3.1,6,0.3,0.62,0.6285000000000001,0.4,75.77000000000001,1
257,Carpentry,0,13.55,1,19,4.4,3,0.95,0.8800000000000001,0.3225,0.7,46.75,1
258,Cleaning,1,9.93,1,4,5.0,0,0.2,1.0,0.5035000000000001,1.0,82.07,1
259,Cleaning,1,8.66,0,1,3.5,8,0.05,0.7,0.567,0.19999999999999996,55.84,0
260,Plumbing,1,7.48,1,8,3.3,3,0.4,0.6599999999999999,0.626,0.7,80.11999999999999,1
261,Plumbing,1,12.08,1,7,3.2,8,0.35,0.64,0.396,0.19999999999999996,69.82,1
262,Electrical,1,11.72,1,3,3.6,5,0.15,0.72,0.4139999999999999,0.5,71.98,0
263,Plumbing,1,3.65,1,10,3.2,0,0.5,0.64,0.8175,1.0,87.75,1
264,Carpentry,1,9.7,1,10,4.4,2,0.5,0.8800000000000001,0.515,0.8,82.10000000000002,1
265,Cleaning,1,11.29,1,19,3.1,10,0.95,0.62,0.4355,0.0,74.41,0
266,Plumbing,1,11.62,0,14,4.0,1,0.7,0.8,0.41900000000000004,0.9,67.37999999999998,0
267,Plumbing,1,4.6,0,2,5.0,8,0.1,1.0,0.77,0.19999999999999996,63.4,0
268,Electrical,1,14.97,0,1,4.6,0,0.05,0.9199999999999999,0.25149999999999995,1.0,59.73,0
269,Gardening,1,0.99,1,18,4.2,8,0.9,0.8400000000000001,0.9505,0.19999999999999996,88.41000000000001,1
270,Electrical,1,7.42,1,7,3.6,8,0.35,0.72,0.629,0.19999999999999996,75.28,1
271,Carpentry,1,15.71,1,8,4.2,7,0.4,0.8400000000000001,0.2144999999999999,0.30000000000000004,69.69000000000001,0
272,Cleaning,1,11.5,0,1,4.1,7,0.05,0.82,0.42500000000000004,0.30000000000000004,55.2,0
273,Electrical,0,5.59,1,3,3.9,10,0.15,0.78,0.7205,0.0,38.71000000000001,1
274,Plumbing,1,14.05,1,8,3.3,0,0.4,0.6599999999999999,0.2975,1.0,76.55,0
275,Cleaning,1,11.56,1,15,4.8,10,0.75,0.96,0.42199999999999993,0.0,75.53999999999999,1
276,Cleaning,1,16.03,1,5,3.9,7,0.25,0.78,0.1984999999999999,0.30000000000000004,67.27000000000001,1
277,Plumbing,1,14.83,1,3,3.4,9,0.15,0.6799999999999999,0.25849999999999995,0.09999999999999998,64.47,0
278,Electrical,1,12.4,1,19,3.7,2,0.95,0.74,0.38,0.8,82.5,1
279,Plumbing,1,10.02,0,1,3.8,10,0.05,0.76,0.499,0.0,53.07999999999999,0
280,Gardening,1,3.1,1,15,4.7,6,0.75,0.9400000000000001,0.845,0.4,87.8,1
281,Cleaning,1,5.6,0,8,4.5,10,0.4,0.9,0.72,0.0,62.4,0
282,Painting,1,8.67,0,2,4.5,0,0.1,0.9,0.5665,1.0,66.33,1
283,Painting,1,12.19,0,3,3.0,0,0.15,0.6,0.39050000000000007,1.0,60.309999999999995,1
284,Carpentry,0,10.52,1,14,3.8,9,0.7,0.76,0.474,0.09999999999999998,40.08,0
285,Plumbing,1,6.12,1,14,4.0,4,0.7,0.8,0.694,0.6,84.88,1
286,Plumbing,1,0.63,1,11,3.0,4,0.55,0.6,0.9685,0.6,86.87,1
287,Carpentry,1,10.18,0,16,3.5,7,0.8,0.7,0.491,0.30000000000000004,62.82,1
288,Carpentry,0,6.07,1,4,4.5,6,0.2,0.9,0.6965,0.4,43.93,0
289,Carpentry,1,14.82,1,20,3.3,7,1.0,0.6599999999999999,0.259,0.30000000000000004,74.77999999999999,1
290,Cleaning,1,0.97,1,5,4.1,5,0.25,0.82,0.9515,0.5,84.73,1
291,Gardening,1,11.9,1,14,3.4,5,0.7,0.6799999999999999,0.405,0.5,76.89999999999999,1
292,Plumbing,1,18.86,1,16,3.0,1,0.8,0.6,0.05700000000000005,0.9,74.14,1
293,Cleaning,0,3.9,1,18,3.5,5,0.9,0.7,0.8049999999999999,0.5,52.1,0
294,Carpentry,1,9.7,1,7,5.0,4,0.35,1.0,0.515,0.6,79.80000000000001,1
295,Plumbing,1,2.28,1,10,4.6,2,0.5,0.9199999999999999,0.886,0.8,89.92,1
296,Cleaning,1,12.7,1,7,4.9,5,0.35,0.9800000000000001,0.365,0.5,75.6,1
297,Gardening,0,11.24,1,1,4.0,7,0.05,0.8,0.43799999999999994,0.30000000000000004,35.260000000000005,1
298,Cleaning,1,8.44,1,19,3.2,8,0.95,0.64,0.5780000000000001,0.19999999999999996,79.46,1
299,Gardening,1,10.67,0,16,4.1,0,0.8,0.82,0.4665,1.0,70.52999999999999,1
300,Carpentry,1,17.98,0,19,3.9,2,0.95,0.78,0.10099999999999998,0.8,62.32,1
301,Gardening,0,4.33,0,4,4.7,2,0.2,0.9400000000000001,0.7835,0.8,35.07000000000001,0
302,Plumbing,1,0.94,1,18,3.2,10,0.9,0.64,0.953,0.0,84.46000000000001,1
303,Carpentry,1,17.3,1,2,4.0,7,0.1,0.8,0.135,0.30000000000000004,64.7,1
304,Plumbing,1,11.75,0,1,3.3,0,0.05,0.6599999999999999,0.4125,1.0,60.349999999999994,0
305,Painting,1,17.87,1,15,3.6,4,0.75,0.72,0.10649999999999993,0.6,72.83,1
306,Electrical,1,12.14,1,5,4.5,2,0.25,0.9,0.393,0.8,77.36000000000001,0
307,Gardening,1,16.3,0,20,4.0,1,1.0,0.8,0.18499999999999994,0.9,65.69999999999999,1
308,Electrical,0,8.88,1,11,3.8,7,0.55,0.76,0.5559999999999999,0.30000000000000004,42.22,0
309,Electrical,1,15.12,1,10,3.8,2,0.5,0.76,0.244,0.8,75.48000000000002,0
310,Gardening,0,18.3,0,2,3.9,6,0.1,0.78,0.08499999999999996,0.4,14.500000000000002,0
311,Carpentry,1,11.66,1,3,4.6,10,0.15,0.9199999999999999,0.41700000000000004,0.0,69.04,1
312,Painting,1,4.03,1,12,4.8,0,0.6,0.96,0.7985,1.0,91.57,1
313,Plumbing,1,5.74,1,20,4.9,5,1.0,0.9800000000000001,0.713,0.5,89.05999999999999,1
314,Cleaning,0,4.37,1,5,4.6,2,0.25,0.9199999999999999,0.7815,0.8,50.330000000000005,0
315,Plumbing,1,5.31,1,5,3.6,7,0.25,0.72,0.7345,0.30000000000000004,77.39,0
316,Cleaning,1,6.48,0,6,4.4,5,0.3,0.8800000000000001,0.6759999999999999,0.5,65.32,0
317,Plumbing,0,11.33,0,9,3.9,1,0.45,0.78,0.4335,0.9,29.970000000000002,0
318,Gardening,0,11.97,1,2,3.5,5,0.1,0.7,0.40149999999999997,0.5,36.03,0
319,Painting,0,8.82,0,12,4.7,6,0.6,0.9400000000000001,0.5589999999999999,0.4,30.580000000000005,0
320,Cleaning,1,12.5,0,3,3.1,4,0.15,0.62,0.375,0.6,56.2,1
321,Carpentry,1,2.09,1,20,4.8,2,1.0,0.96,0.8955,0.8,95.51,1
322,Plumbing,1,2.21,1,12,3.9,3,0.6,0.78,0.8895,0.7,88.59,1
323,Plumbing,0,3.85,1,17,4.3,3,0.85,0.86,0.8075,0.7,55.25,0
324,Cleaning,1,10.6,1,10,4.3,5,0.5,0.86,0.47,0.5,78.0,1
325,Carpentry,1,4.67,0,14,4.8,9,0.7,0.96,0.7665,0.09999999999999998,67.92999999999999,0
326,Carpentry,1,6.02,1,17,4.3,0,0.85,0.86,0.6990000000000001,1.0,91.08,1
327,Gardening,1,8.31,0,18,4.2,10,0.9,0.8400000000000001,0.5845,0.0,64.09,1
328,Gardening,0,16.33,1,19,3.1,3,0.95,0.62,0.1835000000000001,0.7,41.370000000000005,1
329,Gardening,0,0.77,1,17,4.0,9,0.85,0.8,0.9615,0.09999999999999998,51.73000000000001,1
330,Gardening,0,13.16,1,14,3.3,3,0.7,0.6599999999999999,0.34199999999999997,0.7,42.44,0
331,Gardening,1,13.54,1,9,4.5,9,0.45,0.9,0.32300000000000006,0.09999999999999998,70.96000000000001,1
332,Gardening,0,16.07,1,8,4.0,0,0.4,0.8,0.1965,1.0,40.93,1
333,Painting,1,18.69,1,2,4.4,8,0.1,0.8800000000000001,0.06549999999999989,0.19999999999999996,63.11,1
334,Carpentry,1,0.89,1,13,3.1,3,0.65,0.62,0.9555,0.7,88.81,1
335,Gardening,1,3.5,1,7,3.2,6,0.35,0.64,0.825,0.4,80.4,1
336,Carpentry,1,17.78,0,9,4.4,2,0.45,0.8800000000000001,0.11099999999999999,0.8,58.519999999999996,1
337,Carpentry,1,9.44,1,11,3.1,9,0.55,0.62,0.528,0.09999999999999998,73.26000000000002,0
338,Electrical,1,11.51,1,14,3.1,2,0.7,0.62,0.4245,0.8,79.69,1
339,Painting,0,13.43,0,4,3.0,7,0.2,0.6,0.3285,0.30000000000000004,17.57,0
340,Gardening,1,13.74,1,13,4.9,7,0.65,0.9800000000000001,0.31299999999999994,0.30000000000000004,75.55999999999999,1
341,Plumbing,1,18.67,1,2,4.5,10,0.1,0.9,0.06649999999999989,0.0,61.33,1
342,Cleaning,1,19.94,1,5,3.7,0,0.25,0.74,0.0029999999999998916,1.0,69.96,1
343,Plumbing,1,14.54,1,11,3.6,9,0.55,0.72,0.273,0.09999999999999998,69.16,1
344,Painting,1,6.1,1,6,3.7,1,0.3,0.74,0.6950000000000001,0.9,83.3,1
345,Cleaning,1,17.66,1,18,4.5,7,0.9,0.9,0.11699999999999999,0.30000000000000004,73.33999999999999,1
346,Painting,1,1.46,1,10,4.3,0,0.5,0.86,0.927,1.0,92.14,1
347,Carpentry,1,5.01,0,4,3.4,7,0.2,0.6799999999999999,0.7495,0.30000000000000004,61.79,0
348,Cleaning,0,18.0,1,9,3.3,7,0.45,0.6599999999999999,0.09999999999999998,0.30000000000000004,31.1,0
349,Carpentry,1,5.5,1,6,3.2,1,0.3,0.64,0.725,0.9,82.9,1
350,Plumbing,1,4.8,0,2,4.3,3,0.1,0.86,0.76,0.7,66.8,1
351,Plumbing,1,3.19,1,17,4.5,5,0.85,0.9,0.8405,0.5,89.31,1
352,Cleaning,1,17.25,1,5,3.5,10,0.25,0.7,0.13749999999999996,0.0,62.24999999999999,0
353,Cleaning,1,10.25,0,6,3.0,8,0.3,0.6,0.48750000000000004,0.19999999999999996,55.750000000000014,0
354,Gardening,0,13.66,1,12,3.2,7,0.6,0.64,0.31699999999999995,0.30000000000000004,36.74,0
355,Painting,1,5.16,1,10,4.9,7,0.5,0.9800000000000001,0.742,0.30000000000000004,82.64,1
356,Gardening,1,15.28,1,6,3.6,6,0.3,0.72,0.236,0.4,68.92,1
357,Painting,1,15.32,0,8,4.5,8,0.4,0.9,0.23399999999999999,0.19999999999999996,54.67999999999999,1
358,Gardening,0,6.6,0,2,4.2,1,0.1,0.8400000000000001,0.67,0.9,31.800000000000004,0
359,Carpentry,1,8.51,1,12,3.8,2,0.6,0.76,0.5745,0.8,83.09000000000002,0
360,Cleaning,1,4.59,1,13,3.4,9,0.65,0.6799999999999999,0.7705,0.09999999999999998,79.71000000000001,1
361,Plumbing,1,19.54,0,7,3.2,7,0.35,0.64,0.02300000000000002,0.30000000000000004,48.36,0
362,Painting,1,13.09,1,10,4.2,5,0.5,0.8400000000000001,0.34550000000000003,0.5,75.31000000000002,1
363,Painting,0,18.72,0,13,4.5,9,0.65,0.9,0.06400000000000006,0.09999999999999998,17.78,0
364,Plumbing,1,6.42,1,17,4.3,8,0.85,0.86,0.679,0.19999999999999996,82.67999999999999,1
365,Gardening,1,15.75,1,14,4.1,9,0.7,0.82,0.21250000000000002,0.09999999999999998,70.44999999999999,0
366,Painting,1,15.43,1,2,3.1,3,0.1,0.62,0.22850000000000004,0.7,68.76999999999998,1
367,Carpentry,1,13.99,0,11,4.9,7,0.55,0.9800000000000001,0.3005,0.30000000000000004,59.309999999999995,0
368,Cleaning,0,19.33,1,1,4.6,9,0.05,0.9199999999999999,0.033500000000000085,0.09999999999999998,26.370000000000005,1
369,Plumbing,1,8.17,0,19,3.6,2,0.95,0.72,0.5915,0.8,71.53,1
370,Cleaning,1,3.05,1,4,5.0,2,0.2,1.0,0.8475,0.8,86.94999999999999,1
371,Painting,1,13.6,1,19,4.2,7,0.95,0.8400000000000001,0.32000000000000006,0.30000000000000004,77.3,1
372,Painting,1,14.72,0,11,4.2,4,0.55,0.8400000000000001,0.264,0.6,60.180000000000014,1
373,Plumbing,1,11.71,1,8,4.5,2,0.4,0.9,0.4145,0.8,79.28999999999999,1
374,Carpentry,1,4.53,1,11,4.6,9,0.55,0.9199999999999999,0.7735,0.09999999999999998,81.17,1
375,Electrical,0,10.34,1,4,4.3,10,0.2,0.86,0.483,0.0,35.260000000000005,0
376,Plumbing,1,6.59,1,17,3.3,0,0.85,0.6599999999999999,0.6705,1.0,88.50999999999999,1
377,Electrical,1,8.84,0,7,3.7,2,0.35,0.74,0.558,0.8,65.06,0
378,Gardening,1,13.08,1,8,4.9,8,0.4,0.9800000000000001,0.346,0.19999999999999996,72.72,1
379,Electrical,1,15.03,1,3,3.4,4,0.15,0.6799999999999999,0.24850000000000005,0.6,69.26999999999998,0
380,Carpentry,1,5.03,1,2,3.7,9,0.1,0.74,0.7484999999999999,0.09999999999999998,74.36999999999999,1
381,Gardening,1,8.4,1,15,3.9,1,0.75,0.78,0.58,0.9,85.9,1
382,Electrical,1,5.75,1,5,3.9,6,0.25,0.78,0.7125,0.4,78.55000000000001,1
383,Gardening,1,4.37,1,1,4.2,1,0.05,0.8400000000000001,0.7815,0.9,83.53,1
384,Electrical,1,15.78,1,4,4.9,3,0.2,0.9800000000000001,0.21100000000000008,0.7,73.02,0
385,Carpentry,0,18.23,1,15,3.5,6,0.75,0.7,0.08850000000000002,0.4,35.27,1
386,Electrical,1,7.72,1,20,3.2,3,1.0,0.64,0.614,0.7,85.67999999999999,1
387,Electrical,0,15.15,1,19,3.4,6,0.95,0.6799999999999999,0.24249999999999994,0.4,40.15,0
388,Electrical,1,17.99,1,3,4.8,6,0.15,0.96,0.10050000000000003,0.4,67.11,1
389,Plumbing,1,17.0,1,20,4.3,0,1.0,0.86,0.15000000000000002,1.0,81.6,1
390,Plumbing,1,4.06,1,11,3.6,5,0.55,0.72,0.797,0.5,83.64,1
391,Plumbing,1,19.15,0,17,4.6,8,0.85,0.9199999999999999,0.04250000000000009,0.19999999999999996,55.55,0
392,Carpentry,1,7.85,0,13,4.7,1,0.65,0.9400000000000001,0.6075,0.9,72.05,1
393,Gardening,0,7.12,1,11,4.7,2,0.55,0.9400000000000001,0.644,0.8,50.78,1
394,Painting,1,1.72,0,2,4.8,9,0.1,0.96,0.914,0.09999999999999998,64.88,0
395,Electrical,1,9.98,1,9,3.5,4,0.45,0.7,0.501,0.6,77.51999999999998,1
396,Electrical,1,2.63,0,2,4.5,8,0.1,0.9,0.8685,0.19999999999999996,64.37,0
397,Carpentry,1,5.35,0,9,3.9,3,0.45,0.78,0.7325,0.7,68.94999999999999,0
398,Electrical,1,6.68,0,9,4.7,0,0.45,0.9400000000000001,0.666,1.0,72.22,1
399,Plumbing,1,16.27,0,8,4.5,3,0.4,0.9,0.1865,0.7,58.72999999999999,0
400,Painting,1,17.57,1,17,4.6,5,0.85,0.9199999999999999,0.12149999999999994,0.5,75.13,0
401,Cleaning,1,6.4,1,1,4.3,4,0.05,0.86,0.6799999999999999,0.6,78.69999999999999,1
402,Electrical,0,17.24,1,11,3.4,0,0.55,0.6799999999999999,0.13800000000000012,1.0,40.06000000000001,1
403,Plumbing,0,17.22,1,8,4.1,3,0.4,0.82,0.139,0.7,36.980000000000004,0
404,Cleaning,1,15.41,1,10,5.0,5,0.5,1.0,0.22950000000000004,0.5,74.59,0
405,Painting,1,3.36,1,7,4.9,9,0.35,0.9800000000000001,0.8320000000000001,0.09999999999999998,80.94,1
406,Cleaning,1,13.96,1,3,3.1,9,0.15,0.62,0.30199999999999994,0.09999999999999998,64.74,0
407,Plumbing,0,18.93,1,3,3.3,3,0.15,0.6599999999999999,0.05349999999999999,0.7,31.169999999999998,0
408,Gardening,1,13.81,1,18,3.3,8,0.9,0.6599999999999999,0.3095,0.19999999999999996,73.78999999999999,1
409,Gardening,1,6.97,1,5,4.5,4,0.25,0.9,0.6515,0.6,80.52999999999999,0
410,Cleaning,1,10.26,1,12,4.6,7,0.6,0.9199999999999999,0.487,0.30000000000000004,77.94,1
411,Carpentry,1,13.09,1,12,3.4,8,0.6,0.6799999999999999,0.34550000000000003,0.19999999999999996,71.71,1
412,Cleaning,0,10.46,1,19,4.0,9,0.95,0.8,0.477,0.09999999999999998,43.040000000000006,1
413,Electrical,1,2.84,1,6,4.7,4,0.3,0.9400000000000001,0.858,0.6,85.55999999999999,0
414,Electrical,1,6.59,1,2,4.5,5,0.1,0.9,0.6705,0.5,78.41,1
415,Gardening,0,16.15,1,12,4.1,0,0.6,0.82,0.19250000000000012,1.0,43.05,1
416,Carpentry,0,17.3,1,19,4.2,10,0.95,0.8400000000000001,0.135,0.0,35.6,0
417,Plumbing,0,3.18,0,5,4.0,6,0.25,0.8,0.841,0.4,31.320000000000004,0
418,Electrical,0,19.07,1,12,3.6,3,0.6,0.72,0.046499999999999986,0.7,36.13,0
419,Gardening,1,6.91,0,17,4.1,10,0.85,0.82,0.6545,0.0,64.78999999999999,0
420,Painting,1,13.42,1,17,4.4,1,0.85,0.8800000000000001,0.32899999999999996,0.9,82.87999999999998,1
421,Gardening,0,15.16,1,10,4.7,4,0.5,0.9400000000000001,0.242,0.6,40.24,1
422,Electrical,0,16.33,0,17,4.3,2,0.85,0.86,0.1835000000000001,0.8,28.770000000000007,1
423,Electrical,1,18.94,0,15,4.5,5,0.75,0.9,0.052999999999999936,0.5,57.56,1
424,Gardening,1,6.6,0,12,3.3,7,0.6,0.6599999999999999,0.67,0.30000000000000004,64.0,1
425,Plumbing,1,17.24,1,16,3.9,6,0.8,0.78,0.13800000000000012,0.4,72.56,1
426,Cleaning,1,3.07,1,19,3.0,2,0.95,0.6,0.8465,0.8,90.43,1
427,Electrical,1,14.25,1,8,3.5,7,0.4,0.7,0.2875,0.30000000000000004,69.75,1
428,Gardening,1,14.97,1,17,4.5,1,0.85,0.9,0.25149999999999995,0.9,81.52999999999999,0
429,Gardening,0,13.72,1,5,5.0,9,0.25,1.0,0.31399999999999995,0.09999999999999998,34.78,0
430,Carpentry,1,5.42,1,16,3.2,8,0.8,0.64,0.729,0.19999999999999996,80.98,1
431,Cleaning,1,17.52,1,6,3.8,3,0.3,0.76,0.124,0.7,70.08,1
432,Painting,1,3.79,1,8,4.6,0,0.4,0.9199999999999999,0.8105,1.0,89.41,1
433,Plumbing,1,1.55,1,18,3.4,7,0.9,0.6799999999999999,0.9225,0.30000000000000004,87.25,1
434,Painting,1,14.49,0,12,4.1,6,0.6,0.82,0.27549999999999997,0.4,58.709999999999994,1
435,Cleaning,1,9.77,1,15,4.5,10,0.75,0.9,0.5115000000000001,0.0,76.73,1
436,Cleaning,1,17.06,1,9,4.2,4,0.45,0.8400000000000001,0.14700000000000002,0.6,71.84000000000002,1
437,Cleaning,0,7.98,1,13,3.4,9,0.65,0.6799999999999999,0.601,0.09999999999999998,41.32,0
438,Painting,0,3.78,1,15,3.7,4,0.75,0.74,0.8109999999999999,0.6,52.12000000000001,0
439,Cleaning,1,16.81,0,10,4.6,6,0.5,0.9199999999999999,0.1595000000000001,0.4,56.39000000000001,0
440,Gardening,1,11.2,0,16,4.1,4,0.8,0.82,0.44000000000000006,0.6,65.99999999999999,1
441,Painting,1,4.19,1,7,3.0,7,0.35,0.6,0.7905,0.30000000000000004,78.31000000000002,1
442,Cleaning,1,14.55,0,17,4.5,10,0.85,0.9,0.27249999999999996,0.0,57.95,0
443,Gardening,0,10.47,1,7,3.1,5,0.35,0.62,0.4764999999999999,0.5,39.23,0
444,Carpentry,0,12.28,1,14,4.5,4,0.7,0.9,0.386,0.6,44.720000000000006,0
445,Cleaning,1,9.49,0,15,3.4,8,0.75,0.6799999999999999,0.5255,0.19999999999999996,61.809999999999995,0
446,Painting,1,16.66,1,7,4.9,10,0.35,0.9800000000000001,0.16700000000000004,0.0,66.64,0
447,Electrical,1,16.68,0,9,3.7,1,0.45,0.74,0.16600000000000004,0.9,59.21999999999999,0
448,Cleaning,1,14.33,1,19,3.7,0,0.95,0.74,0.2835,1.0,82.57,1
449,Electrical,1,2.56,1,16,3.3,7,0.8,0.6599999999999999,0.872,0.30000000000000004,85.03999999999999,1
450,Gardening,1,16.86,0,8,3.6,2,0.4,0.72,0.15700000000000003,0.8,57.34,1
451,Carpentry,0,13.58,0,18,4.8,10,0.9,0.96,0.32099999999999995,0.0,25.019999999999996,1
452,Plumbing,1,14.09,1,18,5.0,6,0.9,1.0,0.2955,0.4,78.91,1
453,Carpentry,1,7.58,1,20,3.7,9,1.0,0.74,0.621,0.09999999999999998,80.82,1
454,Cleaning,1,17.65,0,7,3.9,10,0.35,0.78,0.11750000000000005,0.0,48.65,1
455,Electrical,1,14.64,1,3,4.4,7,0.15,0.8800000000000001,0.268,0.30000000000000004,68.66000000000001,1
456,Electrical,1,2.7,1,18,4.8,5,0.9,0.96,0.865,0.5,90.9,1
457,Painting,1,8.45,1,10,4.2,9,0.5,0.8400000000000001,0.5775,0.09999999999999998,75.95,1
458,Electrical,0,17.78,1,7,3.8,8,0.35,0.76,0.11099999999999999,0.19999999999999996,30.320000000000004,0
459,Painting,1,1.42,1,17,3.8,6,0.85,0.76,0.929,0.4,88.68,1
460,Gardening,0,19.25,1,14,4.4,9,0.7,0.8800000000000001,0.03749999999999998,0.09999999999999998,32.550000000000004,0
461,Plumbing,1,13.74,1,3,3.0,4,0.15,0.6,0.31299999999999994,0.6,69.76,1
462,Cleaning,0,12.81,1,12,4.2,7,0.6,0.8400000000000001,0.35949999999999993,0.30000000000000004,39.59,1
463,Painting,1,5.78,0,13,3.7,1,0.65,0.74,0.711,0.9,72.11999999999999,0
464,Plumbing,1,5.35,1,2,4.6,6,0.1,0.9199999999999999,0.7325,0.4,78.85,1
465,Electrical,1,18.87,1,3,3.2,3,0.15,0.64,0.056499999999999995,0.7,66.03,0
466,Electrical,1,6.32,1,5,4.2,8,0.25,0.8400000000000001,0.6839999999999999,0.19999999999999996,76.58,1
467,Plumbing,0,15.62,1,11,4.0,0,0.55,0.8,0.21900000000000008,1.0,42.88000000000001,0
468,Electrical,1,8.17,1,8,4.3,6,0.4,0.86,0.5915,0.4,78.43,0
469,Gardening,1,3.22,1,12,3.1,5,0.6,0.62,0.839,0.5,83.98,1
470,Gardening,1,0.71,1,7,4.2,7,0.35,0.8400000000000001,0.9645,0.30000000000000004,84.19000000000001,0
471,Plumbing,0,11.11,1,15,4.1,4,0.75,0.82,0.4445,0.6,45.59,0
472,Painting,1,19.53,0,17,4.1,0,0.85,0.82,0.023499999999999965,1.0,62.169999999999995,0
473,Painting,1,7.7,1,4,4.2,0,0.2,0.8400000000000001,0.615,1.0,82.7,1
474,Plumbing,0,7.47,1,13,4.4,8,0.65,0.8800000000000001,0.6265000000000001,0.19999999999999996,44.830000000000005,1
475,Painting,1,7.21,0,18,4.6,9,0.9,0.9199999999999999,0.6395,0.09999999999999998,66.99,1
476,Painting,1,10.65,1,1,3.5,5,0.05,0.7,0.4675,0.5,71.85000000000001,0
477,Gardening,1,9.09,1,16,4.7,9,0.8,0.9400000000000001,0.5455,0.09999999999999998,79.31,1
478,Painting,1,17.66,1,13,4.0,4,0.65,0.8,0.11699999999999999,0.6,72.84000000000002,1
479,Carpentry,1,10.36,0,10,3.2,0,0.5,0.64,0.482,1.0,66.03999999999999,0
480,Cleaning,1,10.4,1,12,3.1,5,0.6,0.62,0.48,0.5,76.8,1
481,Electrical,1,3.2,1,2,3.7,5,0.1,0.74,0.84,0.5,80.2,1
482,Carpentry,1,19.66,1,3,4.6,2,0.15,0.9199999999999999,0.017000000000000015,0.8,69.03999999999999,0
483,Painting,1,5.37,1,10,4.4,7,0.5,0.8800000000000001,0.7315,0.30000000000000004,81.43,1
484,Gardening,1,1.93,1,2,4.6,0,0.1,0.9199999999999999,0.9035,1.0,88.27,1
485,Plumbing,1,13.43,0,13,4.0,0,0.65,0.8,0.3285,1.0,66.07,1
486,Painting,1,12.11,1,13,3.9,5,0.65,0.78,0.3945000000000001,0.5,77.19,0
487,Gardening,1,8.6,1,18,3.3,9,0.9,0.6599999999999999,0.5700000000000001,0.09999999999999998,77.99999999999999,1
488,Cleaning,1,8.73,1,3,3.7,0,0.15,0.74,0.5635,1.0,80.17,1
489,Painting,1,15.81,1,7,3.9,5,0.35,0.78,0.20950000000000002,0.5,70.49000000000001,0
490,Plumbing,0,4.32,1,14,3.2,0,0.7,0.64,0.784,1.0,54.080000000000005,0
491,Gardening,1,16.49,1,20,3.4,5,1.0,0.6799999999999999,0.1755000000000001,0.5,75.31,1
492,Gardening,1,13.15,1,17,4.2,2,0.85,0.8400000000000001,0.3425,0.8,81.75000000000001,1
493,Gardening,0,8.67,1,12,4.5,7,0.6,0.9,0.5665,0.30000000000000004,44.330000000000005,0
494,Cleaning,1,9.43,1,16,5.0,5,0.8,1.0,0.5285,0.5,83.57,1
495,Painting,1,5.5,1,12,4.9,10,0.6,0.9800000000000001,0.725,0.0,80.30000000000001,1
496,Cleaning,1,15.17,1,15,4.3,0,0.75,0.86,0.24150000000000005,1.0,80.92999999999999,1
497,Electrical,1,10.5,1,10,3.8,4,0.5,0.76,0.475,0.6,78.10000000000001,1
498,Electrical,1,6.76,1,7,4.3,7,0.35,0.86,0.662,0.30000000000000004,78.34,1
499,Painting,0,12.12,1,20,4.6,2,1.0,0.9199999999999999,0.394,0.8,50.07999999999999,0
500,Cleaning,1,19.92,0,5,3.2,5,0.25,0.64,0.0039999999999998925,0.5,48.98,1
501,Plumbing,0,8.99,1,1,3.8,4,0.05,0.76,0.5505,0.6,40.11,1
502,Gardening,0,18.45,1,17,4.7,5,0.85,0.9400000000000001,0.07750000000000001,0.5,39.45,0
503,Gardening,0,7.23,1,3,3.8,9,0.15,0.76,0.6385,0.09999999999999998,37.870000000000005,0
504,Painting,1,1.57,1,13,4.1,0,0.65,0.82,0.9215,1.0,93.13,1
505,Electrical,1,4.48,1,14,4.2,6,0.7,0.8400000000000001,0.776,0.4,84.92,1
506,Electrical,0,8.66,1,18,3.4,8,0.9,0.6799999999999999,0.567,0.19999999999999996,44.14,0
507,Gardening,0,4.78,1,4,3.7,1,0.2,0.74,0.761,0.9,48.620000000000005,1
508,Painting,1,0.5,1,18,3.7,9,0.9,0.74,0.975,0.09999999999999998,86.89999999999999,1
509,Cleaning,0,18.34,1,5,3.1,4,0.25,0.62,0.08299999999999996,0.6,31.36,1
510,Electrical,0,16.96,1,16,3.0,9,0.8,0.6,0.1519999999999999,0.09999999999999998,33.04,1
511,Cleaning,0,14.97,0,1,4.7,3,0.05,0.9400000000000001,0.25149999999999995,0.7,21.93,0
512,Electrical,1,3.77,1,14,3.5,5,0.7,0.7,0.8115,0.5,85.22999999999999,1
513,Electrical,1,2.85,1,15,4.0,5,0.75,0.8,0.8574999999999999,0.5,87.65,0
514,Carpentry,1,1.82,1,9,3.6,10,0.45,0.72,0.909,0.0,79.88000000000001,0
515,Electrical,1,14.62,0,15,4.9,1,0.75,0.9800000000000001,0.269,0.9,66.67999999999999,1
516,Plumbing,1,18.61,1,17,3.5,1,0.85,0.7,0.0695,0.9,75.88999999999999,1
517,Painting,1,8.9,0,4,3.9,3,0.2,0.78,0.5549999999999999,0.7,62.89999999999999,1
518,Painting,1,2.82,1,12,4.7,0,0.6,0.9400000000000001,0.859,1.0,92.58,1
519,Cleaning,1,10.49,1,5,4.7,8,0.25,0.9400000000000001,0.47550000000000003,0.19999999999999996,73.41,0
520,Electrical,1,7.3,1,5,3.4,6,0.25,0.6799999999999999,0.635,0.4,76.0,1
521,Plumbing,0,7.81,0,11,4.6,6,0.55,0.9199999999999999,0.6095,0.4,30.890000000000008,0
522,Cleaning,1,12.62,1,6,3.9,2,0.3,0.78,0.369,0.8,76.18,1
523,Carpentry,1,14.52,1,7,4.0,10,0.35,0.8,0.274,0.0,66.97999999999999,0
524,Cleaning,1,2.66,1,14,3.3,2,0.7,0.6599999999999999,0.867,0.8,88.94,1
525,Cleaning,1,1.19,1,11,3.2,0,0.55,0.64,0.9405,1.0,90.71000000000001,1
526,Electrical,1,19.89,0,13,4.5,2,0.65,0.9,0.005499999999999949,0.8,58.61000000000001,1
527,Carpentry,0,5.04,1,2,4.0,2,0.1,0.8,0.748,0.8,46.96,0
528,Cleaning,1,1.55,1,7,3.9,3,0.35,0.78,0.9225,0.7,86.75,1
529,Plumbing,1,4.2,1,20,4.5,3,1.0,0.9,0.79,0.7,91.8,1
530,Plumbing,1,1.26,0,4,4.5,2,0.2,0.9,0.937,0.8,72.74000000000001,0
531,Painting,1,8.14,1,8,3.3,9,0.4,0.6599999999999999,0.593,0.09999999999999998,73.46,0
532,Carpentry,1,16.15,1,20,4.2,7,1.0,0.8400000000000001,0.19250000000000012,0.30000000000000004,75.25,0
533,Carpentry,1,7.15,1,19,3.3,7,0.95,0.6599999999999999,0.6425,0.30000000000000004,81.94999999999999,0
534,Painting,1,9.16,0,13,4.5,0,0.65,0.9,0.542,1.0,71.33999999999999,1
535,Cleaning,0,13.67,1,14,4.3,6,0.7,0.86,0.3165,0.4,40.93,1
536,Carpentry,1,10.42,0,10,4.9,10,0.5,0.9800000000000001,0.479,0.0,59.38,0
537,Plumbing,1,17.3,1,11,3.1,1,0.55,0.62,0.135,0.9,73.4,0
538,Plumbing,1,17.39,1,2,3.1,0,0.1,0.62,0.13049999999999995,1.0,69.81,1
539,Electrical,1,0.69,1,9,3.6,2,0.45,0.72,0.9655,0.8,89.01,1
540,Carpentry,1,15.67,1,17,3.5,3,0.85,0.7,0.21650000000000003,0.7,76.82999999999998,1
541,Cleaning,1,9.48,1,3,3.5,5,0.15,0.7,0.526,0.5,74.02,0
542,Painting,1,19.78,1,6,4.8,9,0.3,0.96,0.010999999999999899,0.09999999999999998,63.82,1
543,Painting,1,9.92,1,5,3.5,4,0.25,0.7,0.504,0.6,75.58,1
544,Cleaning,1,19.74,1,5,3.5,3,0.25,0.7,0.013000000000000123,0.7,66.75999999999999,0
545,Gardening,1,15.21,1,15,4.5,7,0.75,0.9,0.23949999999999994,0.30000000000000004,74.29,1
546,Electrical,0,5.35,1,17,3.9,10,0.85,0.78,0.7325,0.0,45.95,0
547,Painting,1,11.0,0,9,4.6,3,0.45,0.9199999999999999,0.44999999999999996,0.7,64.69999999999999,1
548,Carpentry,1,19.85,1,3,3.1,9,0.15,0.62,0.007499999999999951,0.09999999999999998,58.85,0
549,Electrical,1,17.22,0,20,4.0,1,1.0,0.8,0.139,0.9,64.78,1
550,Carpentry,0,2.4,1,17,3.1,2,0.85,0.62,0.88,0.8,55.300000000000004,0
551,Plumbing,1,14.27,1,10,3.1,5,0.5,0.62,0.2865,0.5,71.93,1
552,Electrical,1,7.24,1,3,4.8,7,0.15,0.96,0.638,0.30000000000000004,76.86,0
553,Painting,1,0.64,1,18,3.3,7,0.9,0.6599999999999999,0.968,0.30000000000000004,87.96,1
554,Electrical,1,8.37,1,18,4.1,10,0.9,0.82,0.5815,0.0,78.82999999999998,1
555,Electrical,1,5.08,1,17,3.8,8,0.85,0.76,0.746,0.19999999999999996,83.02000000000001,0
556,Electrical,1,16.47,1,3,3.7,6,0.15,0.74,0.1765000000000001,0.4,66.43,1
557,Gardening,0,7.08,1,3,4.8,1,0.15,0.96,0.646,0.9,48.02,0
558,Electrical,1,16.64,0,6,3.0,7,0.3,0.6,0.16799999999999993,0.30000000000000004,50.35999999999999,1
559,Carpentry,1,0.51,1,13,4.3,6,0.65,0.86,0.9745,0.4,88.59,1
560,Plumbing,0,6.5,1,15,4.9,7,0.75,0.9800000000000001,0.675,0.30000000000000004,48.80000000000001,1
561,Cleaning,1,5.2,1,9,4.1,2,0.45,0.82,0.74,0.8,85.5,1
562,Electrical,1,5.05,1,4,4.9,6,0.2,0.9800000000000001,0.7475,0.4,80.75,1
563,Painting,1,1.83,1,14,3.1,9,0.7,0.62,0.9085,0.09999999999999998,82.36999999999999,1
564,Electrical,1,4.15,0,5,3.8,8,0.25,0.76,0.7925,0.19999999999999996,62.949999999999996,1
565,Painting,1,11.33,1,2,3.5,2,0.1,0.7,0.4335,0.8,74.66999999999999,1
566,Carpentry,0,6.18,1,11,4.5,9,0.55,0.9,0.6910000000000001,0.09999999999999998,44.32000000000001,1
567,Painting,0,8.64,1,9,5.0,5,0.45,1.0,0.568,0.5,45.85999999999999,0
568,Cleaning,1,7.85,1,3,3.5,1,0.15,0.7,0.6075,0.9,79.64999999999999,1
569,Plumbing,1,17.58,1,9,4.3,1,0.45,0.86,0.12100000000000011,0.9,74.52,0
570,Painting,1,18.15,0,3,3.4,4,0.15,0.6799999999999999,0.09250000000000003,0.6,51.150000000000006,1
571,Painting,1,10.11,1,2,4.1,4,0.1,0.82,0.49450000000000005,0.6,75.08999999999999,1
572,Plumbing,1,6.94,1,12,3.9,6,0.6,0.78,0.653,0.4,80.86000000000001,1
573,Cleaning,1,2.58,0,10,4.9,1,0.5,0.9800000000000001,0.871,0.9,76.22,1
574,Electrical,1,19.09,1,9,4.2,10,0.45,0.8400000000000001,0.045499999999999985,0.0,63.81000000000001,1
575,Painting,1,1.67,1,15,3.7,6,0.75,0.74,0.9165,0.4,87.22999999999999,1
576,Plumbing,1,6.3,1,8,3.2,4,0.4,0.64,0.685,0.6,80.10000000000002,0
577,Carpentry,1,6.31,1,5,3.3,5,0.25,0.6599999999999999,0.6845,0.5,77.79,1
578,Plumbing,1,6.75,0,11,3.5,7,0.55,0.7,0.6625,0.30000000000000004,63.74999999999999,0
579,Carpentry,0,3.7,1,2,3.5,9,0.1,0.7,0.815,0.09999999999999998,40.300000000000004,0
580,Cleaning,1,15.77,0,15,4.7,3,0.75,0.9400000000000001,0.21150000000000002,0.7,63.129999999999995,1
581,Electrical,1,2.89,1,6,4.1,6,0.3,0.82,0.8554999999999999,0.4,82.31,1
582,Plumbing,0,12.88,0,8,4.0,5,0.4,0.8,0.356,0.5,24.12,1
583,Gardening,1,2.91,1,5,3.2,9,0.25,0.64,0.8545,0.09999999999999998,76.99000000000001,1
584,Painting,0,1.88,1,16,4.7,1,0.8,0.9400000000000001,0.906,0.9,59.52,1
585,Cleaning,1,18.23,1,18,4.4,7,0.9,0.8800000000000001,0.08850000000000002,0.30000000000000004,72.57000000000001,1
586,Plumbing,1,4.21,1,6,3.1,9,0.3,0.62,0.7895,0.09999999999999998,75.99000000000001,1
587,Painting,1,16.51,1,5,4.4,8,0.25,0.8800000000000001,0.17449999999999988,0.19999999999999996,66.78999999999999,1
588,Plumbing,0,11.12,1,16,4.1,4,0.8,0.82,0.44400000000000006,0.6,46.080000000000005,0
589,Carpentry,1,2.02,1,13,3.2,9,0.65,0.64,0.899,0.09999999999999998,81.88000000000002,1
590,Plumbing,1,19.13,0,5,3.9,3,0.25,0.78,0.043500000000000094,0.7,53.17000000000001,1
591,Gardening,1,5.32,1,13,4.0,5,0.65,0.8,0.734,0.5,84.18,1
592,Plumbing,1,17.26,1,17,3.3,7,0.85,0.6599999999999999,0.1369999999999999,0.30000000000000004,70.83999999999999,1
593,Plumbing,0,3.79,1,18,4.9,10,0.9,0.9800000000000001,0.8105,0.0,50.01000000000001,1
594,Gardening,1,17.15,1,8,4.7,2,0.4,0.9400000000000001,0.14250000000000007,0.8,74.25,1
595,Cleaning,1,0.76,1,13,4.3,9,0.65,0.86,0.962,0.09999999999999998,85.34,0
596,Plumbing,1,10.48,1,19,3.9,10,0.95,0.78,0.476,0.0,76.82,1
597,Gardening,0,15.5,0,3,3.8,10,0.15,0.76,0.22499999999999998,0.0,13.600000000000001,0
598,Painting,0,18.73,0,8,4.3,0,0.4,0.86,0.0635,1.0,23.87,0
599,Carpentry,0,18.23,1,2,4.1,3,0.1,0.82,0.08850000000000002,0.7,32.97,0
600,Carpentry,1,16.48,1,8,3.1,3,0.4,0.62,0.17599999999999993,0.7,70.72,1
601,Plumbing,1,17.82,0,13,4.0,0,0.65,0.8,0.10899999999999999,1.0,61.67999999999999,1
602,Cleaning,1,4.38,1,13,4.6,8,0.65,0.9199999999999999,0.781,0.19999999999999996,83.32000000000001,1
603,Cleaning,1,6.04,1,1,3.9,2,0.05,0.78,0.698,0.8,80.25999999999999,1
604,Painting,1,6.13,1,6,3.1,4,0.3,0.62,0.6935,0.6,79.07000000000002,1
605,Plumbing,1,7.85,1,19,4.6,5,0.95,0.9199999999999999,0.6075,0.5,85.85,1
606,Carpentry,1,8.17,0,16,3.4,7,0.8,0.6799999999999999,0.5915,0.30000000000000004,64.63,1
607,Cleaning,0,11.12,1,8,3.5,5,0.4,0.7,0.44400000000000006,0.5,39.88,0
608,Plumbing,1,3.62,1,1,3.3,2,0.05,0.6599999999999999,0.819,0.8,81.47999999999999,1
609,Cleaning,1,13.98,1,16,3.7,5,0.8,0.74,0.30099999999999993,0.5,76.41999999999999,1
610,Gardening,0,3.77,1,9,4.5,0,0.45,0.9,0.8115,1.0,54.730000000000004,0
611,Cleaning,1,6.55,1,13,4.0,3,0.65,0.8,0.6725,0.7,84.95,1
612,Carpentry,1,10.32,1,11,3.4,5,0.55,0.6799999999999999,0.484,0.5,76.98,0
613,Electrical,1,16.03,1,13,4.8,6,0.65,0.96,0.1984999999999999,0.4,74.07000000000001,1
614,Painting,1,14.92,1,10,4.8,10,0.5,0.96,0.254,0.0,69.67999999999999,1
615,Painting,1,13.09,1,4,4.7,10,0.2,0.9400000000000001,0.34550000000000003,0.0,68.30999999999999,0
616,Carpentry,1,3.54,1,6,3.5,9,0.3,0.7,0.823,0.09999999999999998,77.46,0
617,Cleaning,1,11.17,0,7,3.9,2,0.35,0.78,0.4415,0.8,63.129999999999995,1
618,Plumbing,1,2.21,0,5,5.0,8,0.25,1.0,0.8895,0.19999999999999996,67.29,1
619,Cleaning,1,7.86,1,11,4.5,6,0.55,0.9,0.607,0.4,80.64,1
620,Carpentry,1,8.56,1,13,3.1,0,0.65,0.62,0.572,1.0,84.14,1
621,Painting,1,1.28,1,19,3.1,1,0.95,0.62,0.9359999999999999,0.9,93.42,1
622,Cleaning,1,5.84,0,10,3.9,0,0.5,0.78,0.708,1.0,71.96,1
623,Painting,1,19.14,1,10,4.8,10,0.5,0.96,0.04299999999999993,0.0,65.46,1
624,Plumbing,0,19.1,1,11,4.1,8,0.55,0.82,0.04499999999999993,0.19999999999999996,31.6,0
625,Painting,0,7.37,1,7,4.0,8,0.35,0.8,0.6315,0.19999999999999996,41.13,1
626,Painting,0,1.34,1,18,3.2,6,0.9,0.64,0.933,0.4,53.06000000000001,1
627,Electrical,1,3.99,0,4,4.3,9,0.2,0.86,0.8005,0.09999999999999998,62.61,1
628,Electrical,1,8.15,1,2,4.6,2,0.1,0.9199999999999999,0.5925,0.8,80.05,1
629,Gardening,1,18.98,1,14,3.8,4,0.7,0.76,0.050999999999999934,0.6,71.61999999999999,1
630,Electrical,1,3.25,1,13,4.6,3,0.65,0.9199999999999999,0.8375,0.7,89.44999999999999,1
631,Painting,1,15.39,1,12,4.9,6,0.6,0.9800000000000001,0.23049999999999993,0.4,74.40999999999998,1
632,Carpentry,1,2.62,1,7,3.4,8,0.35,0.6799999999999999,0.869,0.19999999999999996,79.68,0
633,Painting,0,19.63,1,2,4.0,1,0.1,0.8,0.018500000000000072,0.9,33.370000000000005,0
634,Carpentry,1,7.94,0,13,3.6,7,0.65,0.72,0.603,0.30000000000000004,63.75999999999999,1
635,Carpentry,1,15.62,1,14,4.6,8,0.7,0.9199999999999999,0.21900000000000008,0.19999999999999996,72.57999999999998,1
636,Electrical,1,7.18,1,17,4.2,9,0.85,0.8400000000000001,0.641,0.09999999999999998,80.72,1
637,Cleaning,1,12.74,0,9,4.3,9,0.45,0.86,0.363,0.09999999999999998,56.36,1
638,Plumbing,1,4.24,0,17,4.6,8,0.85,0.9199999999999999,0.788,0.19999999999999996,70.46,1
639,Electrical,0,3.35,1,8,3.8,9,0.4,0.76,0.8325,0.09999999999999998,44.25000000000001,0
640,Electrical,0,18.79,0,2,4.8,6,0.1,0.96,0.0605,0.4,15.810000000000002,0
641,Cleaning,0,18.39,1,13,4.1,8,0.65,0.82,0.08050000000000002,0.19999999999999996,33.31,0
642,Plumbing,1,17.81,1,3,3.3,8,0.15,0.6599999999999999,0.10950000000000004,0.19999999999999996,62.29,1
643,Painting,1,12.7,1,16,4.4,2,0.8,0.8800000000000001,0.365,0.8,82.10000000000002,1
644,Gardening,1,16.26,1,6,4.6,3,0.3,0.9199999999999999,0.18699999999999994,0.7,72.94,1
645,Gardening,0,1.85,1,19,3.6,1,0.95,0.72,0.9075,0.9,58.85,1
646,Painting,1,7.03,1,7,4.7,9,0.35,0.9400000000000001,0.6485,0.09999999999999998,76.87,0
647,Electrical,1,6.62,0,10,4.8,2,0.5,0.96,0.669,0.8,70.98,1
648,Plumbing,1,12.9,1,9,3.6,10,0.45,0.72,0.355,0.0,68.8,1
649,Electrical,1,7.44,1,2,5.0,10,0.1,1.0,0.628,0.0,73.56,0
650,Carpentry,1,3.4,1,15,3.3,4,0.75,0.6599999999999999,0.8300000000000001,0.6,86.7,1
651,Electrical,1,12.13,0,5,3.4,4,0.25,0.6799999999999999,0.39349999999999996,0.6,58.16999999999999,1
652,Electrical,1,16.38,1,4,3.4,5,0.2,0.6799999999999999,0.18100000000000005,0.5,67.42,1
653,Painting,1,7.95,0,20,4.8,6,1.0,0.96,0.6025,0.4,70.65,1
654,Painting,1,3.08,0,4,4.3,6,0.2,0.86,0.846,0.4,66.52,0
655,Painting,1,4.34,1,18,3.3,0,0.9,0.6599999999999999,0.783,1.0,91.25999999999999,1
656,Gardening,1,5.13,1,4,3.9,1,0.2,0.78,0.7435,0.9,83.67000000000002,1
657,Carpentry,1,6.35,0,17,4.2,8,0.85,0.8400000000000001,0.6825,0.19999999999999996,67.55,1
658,Painting,1,13.03,0,12,3.2,9,0.6,0.64,0.34850000000000003,0.09999999999999998,55.37,1
659,Plumbing,1,12.22,0,17,4.8,1,0.85,0.96,0.389,0.9,69.87999999999998,1
660,Gardening,1,14.07,1,10,4.6,5,0.5,0.9199999999999999,0.2965,0.5,75.13000000000001,1
661,Cleaning,1,7.57,0,1,4.0,10,0.05,0.8,0.6214999999999999,0.0,55.92999999999999,1
662,Plumbing,1,16.57,0,18,4.9,10,0.9,0.9800000000000001,0.17149999999999999,0.0,57.230000000000004,0
663,Plumbing,1,4.48,1,18,3.8,0,0.9,0.76,0.776,1.0,92.11999999999999,1
664,Painting,1,9.65,1,14,5.0,2,0.7,1.0,0.5175,0.8,85.35,1
665,Cleaning,1,16.12,1,15,4.3,1,0.75,0.86,0.19399999999999995,0.9,78.97999999999999,1
666,Cleaning,1,4.01,1,12,4.3,2,0.6,0.86,0.7995,0.8,88.58999999999999,1
667,Gardening,1,2.64,0,4,3.3,4,0.2,0.6599999999999999,0.868,0.6,66.96,1
668,Cleaning,1,17.73,1,3,4.8,10,0.15,0.96,0.11349999999999993,0.0,63.36999999999999,1
669,Carpentry,1,7.19,1,20,3.9,9,1.0,0.78,0.6405,0.09999999999999998,81.61,1
670,Painting,1,13.84,1,12,3.3,5,0.6,0.6599999999999999,0.30800000000000005,0.5,73.75999999999999,1
671,Cleaning,1,0.99,1,7,3.0,8,0.35,0.6,0.9505,0.19999999999999996,80.51000000000002,1
672,Gardening,1,13.96,1,11,4.1,10,0.55,0.82,0.30199999999999994,0.0,69.74000000000001,0
673,Carpentry,1,6.66,1,1,4.1,9,0.05,0.82,0.667,0.09999999999999998,73.03999999999999,1
674,Electrical,1,1.59,0,6,4.4,3,0.3,0.8800000000000001,0.9205,0.7,72.21000000000001,1
675,Electrical,1,12.39,1,15,4.8,6,0.75,0.96,0.38049999999999995,0.4,78.71000000000001,1
676,Carpentry,0,5.2,1,15,3.2,5,0.75,0.64,0.74,0.5,48.699999999999996,1
677,Gardening,1,8.04,1,19,4.5,1,0.95,0.9,0.5980000000000001,0.9,89.46,1
678,Carpentry,1,2.07,1,11,3.4,9,0.55,0.6799999999999999,0.8965,0.09999999999999998,81.23,1
679,Painting,1,3.37,0,2,4.7,10,0.1,0.9400000000000001,0.8315,0.0,62.029999999999994,0
680,Painting,1,6.31,1,14,4.6,10,0.7,0.9199999999999999,0.6845,0.0,79.89,0
681,Electrical,1,2.25,1,2,4.1,10,0.1,0.82,0.8875,0.0,76.95,0
682,Cleaning,1,18.26,1,4,4.4,7,0.2,0.8800000000000001,0.08699999999999997,0.30000000000000004,65.53999999999999,1
683,Gardening,1,0.62,1,17,3.6,6,0.85,0.72,0.969,0.4,89.08,1
684,Electrical,1,9.94,1,3,3.9,6,0.15,0.78,0.503,0.4,73.36,1
685,Cleaning,0,2.9,1,13,4.6,7,0.65,0.9199999999999999,0.855,0.30000000000000004,50.8,0
686,Cleaning,1,6.5,1,9,3.9,10,0.45,0.78,0.675,0.0,75.8,1
687,Painting,0,18.56,1,7,3.7,0,0.35,0.74,0.07200000000000006,1.0,37.34,0
688,Plumbing,1,3.65,1,15,4.0,0,0.75,0.8,0.8175,1.0,91.85,1
689,Plumbing,1,19.33,1,11,4.7,7,0.55,0.9400000000000001,0.033500000000000085,0.30000000000000004,68.57000000000001,0
690,Carpentry,1,4.51,1,20,3.7,3,1.0,0.74,0.7745,0.7,89.88999999999999,1
691,Painting,1,14.96,0,2,3.3,4,0.1,0.6599999999999999,0.252,0.6,53.64,1
692,Cleaning,0,11.16,1,15,4.4,7,0.75,0.8800000000000001,0.44199999999999995,0.30000000000000004,43.14000000000001,0
693,Gardening,1,17.75,1,14,4.7,4,0.7,0.9400000000000001,0.11250000000000004,0.6,74.64999999999999,1
694,Plumbing,1,11.3,1,20,3.2,9,1.0,0.64,0.43499999999999994,0.09999999999999998,76.1,1
695,Cleaning,1,10.92,1,11,3.5,3,0.55,0.7,0.45399999999999996,0.7,78.58,1
696,Plumbing,1,4.31,1,3,3.3,5,0.15,0.6599999999999999,0.7845,0.5,78.79,1
697,Plumbing,1,3.74,0,17,3.7,4,0.85,0.74,0.813,0.6,73.15999999999998,1
698,Plumbing,0,18.37,1,12,3.9,6,0.6,0.78,0.0814999999999999,0.4,34.43000000000001,0
699,Gardening,1,6.89,1,15,4.5,9,0.75,0.9,0.6555,0.09999999999999998,80.61,1
700,Painting,1,7.76,1,16,4.3,6,0.8,0.86,0.612,0.4,82.83999999999999,1
701,Gardening,1,15.32,0,5,4.2,3,0.25,0.8400000000000001,0.23399999999999999,0.7,57.58,1
702,Electrical,1,7.11,1,20,3.7,4,1.0,0.74,0.6445,0.6,86.29,1
703,Cleaning,0,19.07,1,6,4.7,2,0.3,0.9400000000000001,0.046499999999999986,0.8,36.33,0
704,Painting,1,14.89,0,19,3.9,3,0.95,0.78,0.25549999999999995,0.7,64.41,1
705,Painting,0,12.15,1,5,5.0,3,0.25,1.0,0.39249999999999996,0.7,42.35,0
706,Painting,1,17.68,1,3,4.3,2,0.15,0.86,0.11599999999999999,0.8,70.41999999999999,0
707,Painting,1,1.47,0,1,3.3,9,0.05,0.6599999999999999,0.9265,0.09999999999999998,61.629999999999995,1
708,Gardening,1,5.51,1,6,4.4,4,0.3,0.8800000000000001,0.7245,0.6,82.29000000000002,1
709,Painting,1,9.57,1,15,3.7,4,0.75,0.74,0.5215,0.6,81.32999999999998,1
710,Carpentry,1,4.93,1,2,4.4,10,0.1,0.8800000000000001,0.7535000000000001,0.0,74.87000000000002,1
711,Cleaning,1,15.01,1,3,3.1,6,0.15,0.62,0.24950000000000006,0.4,66.69,0
712,Painting,1,18.42,0,17,3.3,3,0.85,0.6599999999999999,0.07899999999999996,0.7,58.679999999999986,0
713,Cleaning,0,8.76,0,12,4.7,3,0.6,0.9400000000000001,0.562,0.7,33.64,0
714,Carpentry,1,7.17,0,18,3.5,8,0.9,0.7,0.6415,0.19999999999999996,65.82999999999998,1
715,Carpentry,1,19.25,0,15,4.7,5,0.75,0.9400000000000001,0.03749999999999998,0.5,57.65,1
716,Cleaning,1,9.17,1,12,3.6,3,0.6,0.72,0.5415,0.7,81.02999999999997,0
717,Plumbing,1,10.04,1,16,4.3,1,0.8,0.86,0.498,0.9,85.55999999999999,1
718,Electrical,1,7.36,1,8,4.4,5,0.4,0.8800000000000001,0.632,0.5,80.44,0
719,Plumbing,1,18.24,1,14,4.0,1,0.7,0.8,0.08800000000000008,0.9,75.75999999999999,1
720,Plumbing,1,11.59,0,17,3.6,4,0.85,0.72,0.4205,0.6,65.11,0
721,Gardening,1,15.36,1,8,3.4,5,0.4,0.6799999999999999,0.23199999999999998,0.5,70.44,0
722,Plumbing,1,16.33,1,15,3.1,3,0.75,0.62,0.1835000000000001,0.7,74.36999999999999,1
723,Painting,1,7.17,0,14,3.6,2,0.7,0.72,0.6415,0.8,70.02999999999999,1
724,Gardening,1,8.96,1,18,4.3,6,0.9,0.86,0.5519999999999999,0.4,82.63999999999999,1
725,Gardening,0,17.05,1,20,4.9,1,1.0,0.9800000000000001,0.14749999999999996,0.9,46.75,1
726,Carpentry,1,7.58,1,7,4.7,10,0.35,0.9400000000000001,0.621,0.0,75.32,0
727,Plumbing,1,15.98,1,3,4.5,5,0.15,0.9,0.20099999999999996,0.5,69.52000000000001,1
728,Carpentry,1,18.85,1,12,4.6,3,0.6,0.9199999999999999,0.057499999999999885,0.7,73.34999999999998,0
729,Cleaning,1,12.65,1,3,4.3,5,0.15,0.86,0.36749999999999994,0.5,72.45,1
730,Electrical,0,14.96,1,20,3.5,3,1.0,0.7,0.252,0.7,44.04,0
731,Gardening,1,16.2,1,14,4.8,3,0.7,0.96,0.19000000000000006,0.7,77.39999999999999,1
732,Cleaning,1,16.98,1,15,4.3,3,0.75,0.86,0.15100000000000002,0.7,76.11999999999999,0
733,Cleaning,0,8.2,1,14,4.1,8,0.7,0.82,0.5900000000000001,0.19999999999999996,44.00000000000001,1
734,Painting,0,1.5,1,7,3.2,6,0.35,0.64,0.925,0.4,47.4,0
735,Electrical,1,8.34,1,17,3.9,2,0.85,0.78,0.583,0.8,85.96,1
736,Cleaning,1,13.64,1,12,3.9,2,0.6,0.78,0.31799999999999995,0.8,78.16000000000001,0
737,Cleaning,0,9.28,1,20,4.7,5,1.0,0.9400000000000001,0.536,0.5,50.12,1
738,Electrical,1,15.1,0,4,4.1,5,0.2,0.82,0.245,0.5,55.1,0
739,Electrical,1,7.46,1,9,3.8,3,0.45,0.76,0.627,0.7,81.63999999999999,1
740,Cleaning,1,12.88,1,6,5.0,8,0.3,1.0,0.356,0.19999999999999996,72.11999999999999,1
741,Electrical,1,4.14,1,16,3.2,3,0.8,0.64,0.793,0.7,87.25999999999999,1
742,Cleaning,1,15.11,0,2,3.8,8,0.1,0.76,0.24450000000000005,0.19999999999999996,50.49,1
743,Cleaning,1,11.14,1,8,3.1,3,0.4,0.62,0.44299999999999995,0.7,76.06,1
744,Painting,1,4.48,1,11,4.5,1,0.55,0.9,0.776,0.9,89.02,1
745,Plumbing,1,6.19,1,13,4.8,1,0.65,0.96,0.6905,0.9,88.91,1
746,Cleaning,1,15.1,1,17,3.6,4,0.85,0.72,0.245,0.6,76.59999999999998,0
747,Carpentry,1,9.91,1,8,4.7,3,0.4,0.9400000000000001,0.5045,0.7,80.49,1
748,Gardening,1,4.71,1,18,3.6,6,0.9,0.72,0.7645,0.4,85.49,1
749,Plumbing,1,19.36,1,18,4.8,10,0.9,0.96,0.03200000000000003,0.0,69.24,0
750,Plumbing,0,14.44,0,14,4.5,4,0.7,0.9,0.278,0.6,27.560000000000002,0
751,Plumbing,1,19.16,1,15,4.6,5,0.75,0.9199999999999999,0.04200000000000004,0.5,72.53999999999999,1
752,Painting,1,8.83,0,6,3.0,9,0.3,0.6,0.5585,0.09999999999999998,56.17000000000001,0
753,Cleaning,1,9.76,1,11,4.9,3,0.55,0.9800000000000001,0.512,0.7,82.53999999999999,1
754,Painting,1,18.01,0,13,4.5,1,0.65,0.9,0.09949999999999992,0.9,61.48999999999999,1
755,Cleaning,1,10.74,0,1,3.6,9,0.05,0.72,0.46299999999999997,0.09999999999999998,52.959999999999994,1
756,Painting,1,14.29,0,6,4.7,8,0.3,0.9400000000000001,0.2855000000000001,0.19999999999999996,55.11000000000001,0
757,Painting,1,5.42,0,9,3.6,9,0.45,0.72,0.729,0.09999999999999998,62.28,1
758,Gardening,1,9.21,1,8,4.7,6,0.4,0.9400000000000001,0.5395,0.4,78.19,1
759,Carpentry,0,2.91,1,11,3.2,3,0.55,0.64,0.8545,0.7,50.99,0
760,Painting,0,4.52,1,19,4.4,2,0.95,0.8800000000000001,0.774,0.8,56.78000000000001,0
761,Gardening,1,0.52,0,9,4.1,9,0.45,0.82,0.974,0.09999999999999998,68.17999999999999,1
762,Electrical,1,1.27,0,17,3.2,2,0.85,0.64,0.9365,0.8,76.63,1
763,Carpentry,1,19.56,0,12,3.5,8,0.6,0.7,0.02200000000000002,0.19999999999999996,50.44,1
764,Painting,0,5.23,0,14,3.0,4,0.7,0.6,0.7384999999999999,0.6,33.77,1
765,Plumbing,1,13.43,1,15,3.9,2,0.75,0.78,0.3285,0.8,79.87000000000002,1
766,Electrical,0,16.86,0,16,3.6,4,0.8,0.72,0.15700000000000003,0.6,24.34,0
767,Electrical,0,11.24,1,20,4.2,1,1.0,0.8400000000000001,0.43799999999999994,0.9,51.160000000000004,0
768,Gardening,0,3.49,0,1,3.6,10,0.05,0.72,0.8255,0.0,24.210000000000004,1
769,Electrical,1,14.7,0,10,3.6,3,0.5,0.72,0.265,0.7,59.499999999999986,1
770,Carpentry,1,12.2,1,8,4.5,9,0.4,0.9,0.39,0.09999999999999998,71.8,0
771,Painting,1,14.76,1,18,3.1,1,0.9,0.62,0.262,0.9,79.43999999999998,1
772,Painting,1,15.51,0,1,4.8,1,0.05,0.96,0.22450000000000003,0.9,58.589999999999996,0
773,Plumbing,0,19.52,0,2,4.7,7,0.1,0.9400000000000001,0.02400000000000002,0.30000000000000004,13.880000000000003,0
774,Gardening,1,11.68,1,1,4.3,0,0.05,0.86,0.41600000000000004,1.0,77.41999999999999,1
775,Plumbing,1,7.16,0,1,4.2,6,0.05,0.8400000000000001,0.642,0.4,60.74,0
776,Electrical,1,13.15,0,9,4.8,4,0.45,0.96,0.3425,0.6,61.949999999999996,1
777,Plumbing,0,1.83,1,13,3.4,10,0.65,0.6799999999999999,0.9085,0.0,46.47,0
778,Carpentry,1,18.0,1,1,3.2,7,0.05,0.64,0.09999999999999998,0.30000000000000004,61.9,0
779,Painting,1,2.83,1,13,3.5,0,0.65,0.7,0.8585,1.0,90.67,1
780,Electrical,1,6.89,1,20,4.6,10,1.0,0.9199999999999999,0.6555,0.0,82.30999999999999,1
781,Plumbing,1,16.41,1,7,3.1,6,0.35,0.62,0.1795,0.4,67.29,0
782,Gardening,0,12.15,1,2,4.2,4,0.1,0.8400000000000001,0.39249999999999996,0.6,38.25,0
783,Carpentry,1,8.18,1,6,5.0,3,0.3,1.0,0.591,0.7,81.82,1
784,Carpentry,0,9.73,1,7,4.7,6,0.35,0.9400000000000001,0.5135,0.4,42.169999999999995,0
785,Plumbing,1,17.16,0,14,4.0,9,0.7,0.8,0.14200000000000002,0.09999999999999998,53.839999999999996,1
786,Painting,1,7.13,1,18,3.1,1,0.9,0.62,0.6435,0.9,87.07,0
787,Plumbing,0,17.46,1,15,4.7,0,0.75,0.9400000000000001,0.127,1.0,44.440000000000005,1
788,Electrical,1,2.22,1,2,4.2,0,0.1,0.8400000000000001,0.889,1.0,87.18,1
789,Plumbing,1,15.65,1,10,3.2,10,0.5,0.64,0.21750000000000003,0.0,65.75,1
790,Carpentry,0,17.03,1,12,3.2,0,0.6,0.64,0.14849999999999997,1.0,40.37,1
791,Plumbing,1,4.05,0,17,4.8,4,0.85,0.96,0.7975,0.6,75.05,1
792,Painting,1,8.89,1,8,4.3,9,0.4,0.86,0.5555,0.09999999999999998,74.71,1
793,Gardening,1,3.73,0,11,4.7,6,0.55,0.9400000000000001,0.8135,0.4,70.17,1
794,Cleaning,1,14.28,1,3,4.8,1,0.15,0.96,0.28600000000000003,0.9,75.82,1
795,Plumbing,1,10.94,0,6,4.1,9,0.3,0.82,0.45300000000000007,0.09999999999999998,56.26,1
796,Painting,1,12.89,1,9,4.0,7,0.45,0.8,0.3554999999999999,0.30000000000000004,72.61,0
797,Painting,1,4.33,0,6,3.9,3,0.3,0.78,0.7835,0.7,68.47,0
798,Gardening,1,4.63,1,9,3.6,2,0.45,0.72,0.7685,0.8,85.07000000000001,1
799,Carpentry,0,1.31,1,7,3.9,9,0.35,0.78,0.9345,0.09999999999999998,45.989999999999995,1
800,Painting,1,6.78,0,9,4.5,10,0.45,0.9,0.661,0.0,61.72,0
801,Painting,1,11.42,1,18,4.2,7,0.9,0.8400000000000001,0.42900000000000005,0.30000000000000004,78.98,1
802,Painting,0,17.23,1,12,4.8,1,0.6,0.96,0.13849999999999996,0.9,42.370000000000005,0
803,Painting,1,13.51,0,8,3.9,10,0.4,0.78,0.3245,0.0,53.28999999999999,0
804,Electrical,1,8.99,1,8,4.2,10,0.4,0.8400000000000001,0.5505,0.0,73.41,1
805,Electrical,1,19.09,0,18,4.3,2,0.9,0.86,0.045499999999999985,0.8,61.51,1
806,Carpentry,0,14.53,1,20,4.2,2,1.0,0.8400000000000001,0.2735000000000001,0.8,46.870000000000005,1
807,Plumbing,0,18.64,1,15,4.4,9,0.75,0.8800000000000001,0.06799999999999995,0.09999999999999998,33.660000000000004,1
808,Painting,1,10.79,1,7,3.5,10,0.35,0.7,0.4605,0.0,69.71,0
809,Gardening,1,5.55,1,11,4.0,0,0.55,0.8,0.7225,1.0,87.95,1
810,Plumbing,0,1.53,1,20,3.2,5,1.0,0.64,0.9235,0.5,54.87,1
811,Gardening,1,14.66,0,16,3.8,1,0.8,0.76,0.267,0.9,64.94,0
812,Plumbing,0,2.87,1,4,4.0,0,0.2,0.8,0.8565,1.0,52.13000000000001,0
813,Carpentry,1,6.4,1,6,4.3,1,0.3,0.86,0.6799999999999999,0.9,84.2,1
814,Painting,1,10.88,1,3,4.9,5,0.15,0.9800000000000001,0.45599999999999996,0.5,75.42,0
815,Painting,1,11.51,1,9,4.2,3,0.45,0.8400000000000001,0.4245,0.7,78.38999999999999,0
816,Cleaning,1,12.21,1,10,4.5,5,0.5,0.9,0.38949999999999996,0.5,76.79,1
817,Gardening,1,3.74,1,14,4.0,8,0.7,0.8,0.813,0.19999999999999996,83.26,1
818,Plumbing,1,7.9,1,11,4.3,9,0.55,0.86,0.605,0.09999999999999998,77.2,1
819,Plumbing,1,12.54,1,18,3.1,9,0.9,0.62,0.373,0.09999999999999998,73.66,1
820,Electrical,1,19.41,1,12,3.5,7,0.6,0.7,0.02949999999999997,0.30000000000000004,66.59,1
821,Cleaning,0,14.69,0,12,3.7,0,0.6,0.74,0.26550000000000007,1.0,28.71,1
822,Electrical,1,18.49,1,13,3.9,7,0.65,0.78,0.07550000000000012,0.30000000000000004,68.81000000000002,1
823,Electrical,1,15.36,1,13,3.1,8,0.65,0.62,0.23199999999999998,0.19999999999999996,69.34,1
824,Electrical,0,12.04,1,19,3.3,5,0.95,0.6599999999999999,0.398,0.5,44.06,0
825,Gardening,1,4.24,0,19,3.6,9,0.95,0.72,0.788,0.09999999999999998,68.46,1
826,Gardening,0,13.5,1,14,4.9,4,0.7,0.9800000000000001,0.32499999999999996,0.6,44.3,1
827,Carpentry,1,12.66,1,4,3.7,5,0.2,0.74,0.367,0.5,71.74000000000001,1
828,Carpentry,1,12.25,1,13,4.0,5,0.65,0.8,0.38749999999999996,0.5,77.25000000000001,1
829,Electrical,0,10.05,0,8,3.4,8,0.4,0.6799999999999999,0.49749999999999994,0.19999999999999996,22.75,0
830,Cleaning,1,10.81,0,19,4.2,3,0.95,0.8400000000000001,0.4595,0.7,69.08999999999999,1
831,Plumbing,1,7.02,1,12,3.6,1,0.6,0.72,0.649,0.9,85.17999999999999,1
832,Gardening,1,10.63,1,18,3.4,10,0.9,0.6799999999999999,0.4684999999999999,0.0,75.16999999999999,1
833,Cleaning,1,4.35,1,6,4.0,10,0.3,0.8,0.7825,0.0,76.64999999999999,1
834,Painting,1,16.2,1,18,3.0,8,0.9,0.6,0.19000000000000006,0.19999999999999996,70.8,1
835,Gardening,1,4.12,0,19,3.0,1,0.95,0.6,0.794,0.9,75.38,1
836,Gardening,1,2.16,1,5,3.4,9,0.25,0.6799999999999999,0.892,0.09999999999999998,78.14,1
837,Carpentry,1,9.01,0,9,3.1,8,0.45,0.62,0.5495,0.19999999999999996,58.69,0
838,Plumbing,1,13.34,1,3,3.2,1,0.15,0.64,0.33299999999999996,0.9,73.55999999999999,1
839,Plumbing,1,9.04,1,10,3.7,7,0.5,0.74,0.548,0.30000000000000004,76.36,1
840,Painting,1,5.9,1,19,4.6,8,0.95,0.9199999999999999,0.705,0.19999999999999996,84.8,1
841,Painting,1,11.38,1,3,4.1,9,0.15,0.82,0.43099999999999994,0.09999999999999998,69.32,1
842,Gardening,1,7.27,1,15,4.0,8,0.75,0.8,0.6365000000000001,0.19999999999999996,80.23,1
843,Electrical,1,18.69,1,1,3.6,9,0.05,0.72,0.06549999999999989,0.09999999999999998,60.01,1
844,Carpentry,1,18.49,0,7,4.9,8,0.35,0.9800000000000001,0.07550000000000012,0.19999999999999996,51.81,0
845,Carpentry,1,10.3,1,12,3.8,1,0.6,0.76,0.485,0.9,82.30000000000001,1
846,Gardening,1,6.89,1,17,3.2,3,0.85,0.64,0.6555,0.7,85.00999999999999,1
847,Cleaning,1,14.87,0,20,4.2,6,1.0,0.8400000000000001,0.25650000000000006,0.4,62.529999999999994,1
848,Electrical,1,1.22,1,5,3.2,1,0.25,0.64,0.9390000000000001,0.9,86.68,0
849,Gardening,1,9.76,1,4,3.7,0,0.2,0.74,0.512,1.0,79.63999999999999,1
850,Electrical,1,7.06,1,12,4.0,2,0.6,0.8,0.647,0.8,84.94000000000001,1
851,Electrical,0,18.45,1,20,4.7,3,1.0,0.9400000000000001,0.07750000000000001,0.7,42.95,0
852,Electrical,1,0.73,1,18,4.0,7,0.9,0.8,0.9635,0.30000000000000004,89.27000000000001,1
853,Gardening,1,11.28,0,17,4.4,5,0.85,0.8800000000000001,0.43600000000000005,0.5,66.02000000000001,1
854,Carpentry,1,14.94,0,19,5.0,10,0.95,1.0,0.253,0.0,59.55999999999999,0
855,Carpentry,0,9.96,1,9,3.3,1,0.45,0.6599999999999999,0.502,0.9,45.14,0
856,Electrical,1,2.17,1,4,3.5,8,0.2,0.7,0.8915,0.19999999999999996,78.83,1
857,Cleaning,1,19.46,0,2,3.8,1,0.1,0.76,0.026999999999999913,0.9,53.14,1
858,Plumbing,0,10.6,1,4,3.8,4,0.2,0.76,0.47,0.6,40.0,0
859,Gardening,1,12.48,1,2,3.8,3,0.1,0.76,0.376,0.7,73.11999999999999,1
860,Plumbing,1,5.11,1,15,4.8,6,0.75,0.96,0.7444999999999999,0.4,85.99,1
861,Cleaning,1,9.93,0,2,4.4,7,0.1,0.8800000000000001,0.5035000000000001,0.30000000000000004,57.87,0
862,Gardening,1,8.87,1,4,4.2,4,0.2,0.8400000000000001,0.5565,0.6,77.53000000000002,1
863,Electrical,1,1.96,1,6,3.6,9,0.3,0.72,0.902,0.09999999999999998,79.24,1
864,Carpentry,1,2.57,1,7,4.6,4,0.35,0.9199999999999999,0.8714999999999999,0.6,86.13,1
865,Plumbing,1,16.83,1,10,4.9,1,0.5,0.9800000000000001,0.15850000000000009,0.9,76.97,1
866,Painting,1,5.18,1,19,4.6,7,0.95,0.9199999999999999,0.741,0.30000000000000004,86.52,1
867,Painting,1,4.3,1,19,3.0,1,0.95,0.6,0.785,0.9,90.2,1
868,Cleaning,1,10.35,0,12,4.3,9,0.6,0.86,0.48250000000000004,0.09999999999999998,60.24999999999999,1
869,Electrical,1,15.49,1,3,3.1,5,0.15,0.62,0.22550000000000003,0.5,67.21000000000001,0
870,Plumbing,1,1.71,1,13,3.5,7,0.65,0.7,0.9145,0.30000000000000004,84.78999999999999,0
871,Electrical,1,11.75,1,18,3.1,5,0.9,0.62,0.4125,0.5,78.45,1
872,Plumbing,0,2.82,0,8,4.2,3,0.4,0.8400000000000001,0.859,0.7,36.580000000000005,0
873,Cleaning,1,1.21,0,15,4.4,3,0.75,0.8800000000000001,0.9395,0.7,77.09,1
874,Cleaning,1,1.53,1,1,3.2,5,0.05,0.64,0.9235,0.5,80.37,1
875,Painting,1,16.77,1,3,3.8,3,0.15,0.76,0.16149999999999998,0.7,69.33,1
876,Electrical,1,2.8,1,8,3.9,7,0.4,0.78,0.86,0.30000000000000004,82.0,1
877,Gardening,1,1.38,1,4,3.7,8,0.2,0.74,0.931,0.19999999999999996,80.02,1
878,Painting,1,9.04,1,16,3.2,0,0.8,0.64,0.548,1.0,85.36,1
879,Electrical,0,16.96,1,10,3.8,3,0.5,0.76,0.1519999999999999,0.7,37.64,0
880,Painting,1,5.62,1,12,4.5,3,0.6,0.9,0.719,0.7,86.38,1
881,Gardening,0,8.72,1,14,3.1,1,0.7,0.62,0.564,0.9,48.480000000000004,0
882,Carpentry,1,1.28,1,14,3.2,5,0.7,0.64,0.9359999999999999,0.5,87.12,1
883,Carpentry,1,9.26,0,2,3.7,2,0.1,0.74,0.537,0.8,62.13999999999999,1
884,Carpentry,1,11.76,1,5,4.9,6,0.25,0.9800000000000001,0.41200000000000003,0.4,74.54,1
885,Carpentry,1,11.63,1,5,4.3,10,0.25,0.86,0.4185,0.0,69.47,0
886,Plumbing,1,6.98,1,6,4.4,10,0.3,0.8800000000000001,0.651,0.0,74.82,1
887,Carpentry,0,6.65,0,13,3.7,4,0.65,0.74,0.6675,0.6,33.25,0
888,Gardening,0,2.58,1,9,4.2,3,0.45,0.8400000000000001,0.871,0.7,52.32,1
889,Cleaning,1,7.65,0,15,3.0,4,0.75,0.6,0.6174999999999999,0.6,66.85000000000001,1
890,Cleaning,0,2.44,0,14,4.3,7,0.7,0.86,0.878,0.30000000000000004,36.160000000000004,0
891,Plumbing,0,15.45,1,7,4.8,2,0.35,0.96,0.22750000000000004,0.8,40.650000000000006,1
892,Carpentry,1,19.34,1,20,4.2,6,1.0,0.8400000000000001,0.03300000000000003,0.4,73.05999999999999,0
893,Carpentry,1,19.42,1,2,4.7,5,0.1,0.9400000000000001,0.028999999999999915,0.5,65.97999999999999,0
894,Carpentry,1,17.37,0,7,4.4,0,0.35,0.8800000000000001,0.13149999999999995,1.0,59.92999999999999,1
895,Painting,1,12.22,0,6,3.2,6,0.3,0.64,0.389,0.4,56.18000000000001,0
896,Electrical,1,14.17,1,17,4.8,6,0.85,0.96,0.2915,0.4,77.92999999999999,1
897,Painting,1,6.06,1,2,3.1,0,0.1,0.62,0.6970000000000001,1.0,81.14,1
898,Electrical,1,12.8,1,3,4.1,8,0.15,0.82,0.36,0.19999999999999996,68.89999999999999,0
899,Carpentry,1,9.39,1,5,3.3,5,0.25,0.6599999999999999,0.5305,0.5,74.71,1
900,Carpentry,1,9.9,1,5,3.0,1,0.25,0.6,0.505,0.9,77.6,1
901,Painting,1,15.28,1,1,3.8,4,0.05,0.76,0.236,0.6,68.82000000000002,1
902,Painting,1,6.0,1,8,3.6,10,0.4,0.72,0.7,0.0,75.2,1
903,Electrical,0,6.7,1,12,4.0,3,0.6,0.8,0.665,0.7,49.300000000000004,0
904,Cleaning,0,18.53,1,4,4.2,6,0.2,0.8400000000000001,0.0734999999999999,0.4,30.869999999999997,0
905,Electrical,0,1.6,1,13,3.1,7,0.65,0.62,0.92,0.30000000000000004,49.1,0
906,Painting,1,9.97,1,15,3.2,10,0.75,0.64,0.5015,0.0,73.93,0
907,Gardening,1,18.3,1,11,4.1,10,0.55,0.82,0.08499999999999996,0.0,65.4,0
908,Painting,1,12.4,0,10,3.7,0,0.5,0.74,0.38,1.0,64.99999999999999,1
909,Gardening,1,11.15,1,3,4.5,4,0.15,0.9,0.4425,0.6,75.35000000000001,1
910,Plumbing,1,5.37,0,14,4.3,2,0.7,0.86,0.7315,0.8,73.22999999999999,1
911,Painting,0,7.19,1,16,4.7,0,0.8,0.9400000000000001,0.6405,1.0,55.21,0
912,Plumbing,1,17.11,1,10,4.4,2,0.5,0.8800000000000001,0.14450000000000007,0.8,74.69000000000001,1
913,Cleaning,1,11.4,1,10,3.9,5,0.5,0.78,0.42999999999999994,0.5,76.4,1
914,Electrical,1,10.54,1,12,4.3,6,0.6,0.86,0.4730000000000001,0.4,78.06,1
915,Gardening,1,2.44,1,9,3.6,7,0.45,0.72,0.878,0.30000000000000004,82.26,1
916,Electrical,0,0.81,1,1,3.6,10,0.05,0.72,0.9595,0.0,41.89,0
917,Plumbing,0,19.29,0,5,4.6,3,0.25,0.9199999999999999,0.03550000000000009,0.7,19.41,0
918,Gardening,0,7.85,0,20,3.9,2,1.0,0.78,0.6075,0.8,37.95,1
919,Electrical,1,12.26,1,8,4.6,4,0.4,0.9199999999999999,0.387,0.6,76.94000000000001,1
920,Painting,1,2.05,1,11,4.6,8,0.55,0.9199999999999999,0.8975,0.19999999999999996,84.65,1
921,Carpentry,1,13.82,1,12,4.7,5,0.6,0.9400000000000001,0.30899999999999994,0.5,76.58,0
922,Plumbing,1,18.69,0,1,4.8,8,0.05,0.96,0.06549999999999989,0.19999999999999996,48.41,0
923,Electrical,1,11.73,1,20,3.9,5,1.0,0.78,0.4135,0.5,81.07,0
924,Plumbing,1,2.96,0,11,3.6,1,0.55,0.72,0.852,0.9,73.74,0
925,Plumbing,0,11.84,1,5,4.2,4,0.25,0.8400000000000001,0.40800000000000003,0.6,40.06,0
926,Gardening,1,15.44,0,15,3.7,10,0.75,0.74,0.22799999999999998,0.0,54.459999999999994,1
927,Gardening,1,8.43,1,5,4.2,8,0.25,0.8400000000000001,0.5785,0.19999999999999996,74.47000000000001,1
928,Carpentry,0,17.66,0,12,4.4,7,0.6,0.8800000000000001,0.11699999999999999,0.30000000000000004,20.14,0
929,Painting,1,13.15,1,5,4.4,6,0.25,0.8800000000000001,0.3425,0.4,72.15,1
930,Plumbing,1,18.04,1,17,3.7,0,0.85,0.74,0.09800000000000009,1.0,77.85999999999999,1
931,Electrical,1,12.66,1,17,3.3,3,0.85,0.6599999999999999,0.367,0.7,79.43999999999998,1
932,Cleaning,1,3.06,1,12,3.9,6,0.6,0.78,0.847,0.4,84.74000000000001,1
933,Plumbing,1,6.54,1,15,3.3,10,0.75,0.6599999999999999,0.673,0.0,77.56,0
934,Plumbing,1,4.44,1,15,4.8,6,0.75,0.96,0.778,0.4,86.66000000000001,1
935,Carpentry,0,18.22,1,6,3.7,5,0.3,0.74,0.08900000000000008,0.5,32.18,0
936,Painting,0,15.33,1,12,3.3,7,0.6,0.6599999999999999,0.23350000000000004,0.30000000000000004,35.27000000000001,0
937,Cleaning,0,13.69,1,20,3.1,10,1.0,0.62,0.3155,0.0,37.510000000000005,0
938,Gardening,0,6.37,0,18,4.3,5,0.9,0.86,0.6815,0.5,36.230000000000004,1
939,Gardening,1,4.09,1,14,4.3,9,0.7,0.86,0.7955,0.09999999999999998,82.50999999999999,1
940,Electrical,1,15.25,0,2,3.7,2,0.1,0.74,0.23750000000000004,0.8,56.15,0
941,Cleaning,0,9.75,0,9,3.1,3,0.45,0.62,0.5125,0.7,27.949999999999996,0
942,Gardening,1,4.9,1,5,3.8,2,0.25,0.76,0.755,0.8,83.2,1
943,Electrical,0,12.52,1,20,3.6,0,1.0,0.72,0.374,1.0,49.68,1
944,Painting,1,1.29,1,1,4.4,9,0.05,0.8800000000000001,0.9355,0.09999999999999998,79.01,0
945,Electrical,1,6.86,1,3,4.2,4,0.15,0.8400000000000001,0.657,0.6,79.03999999999999,1
946,Gardening,1,9.64,1,6,3.7,0,0.3,0.74,0.518,1.0,80.76,1
947,Carpentry,1,3.39,1,5,3.4,0,0.25,0.6799999999999999,0.8305,1.0,85.91,1
948,Carpentry,1,19.7,0,5,5.0,1,0.25,1.0,0.015000000000000013,0.9,56.8,0
949,Carpentry,1,4.58,0,1,3.9,3,0.05,0.78,0.771,0.7,65.71999999999998,0
950,Gardening,1,3.04,1,17,4.4,5,0.85,0.8800000000000001,0.848,0.5,89.26,1
951,Carpentry,0,4.47,0,19,3.3,7,0.95,0.6599999999999999,0.7765,0.30000000000000004,34.63,0
952,Cleaning,0,15.5,0,14,4.0,2,0.7,0.8,0.22499999999999998,0.8,27.500000000000004,0
953,Painting,0,8.8,1,12,3.1,0,0.6,0.62,0.5599999999999999,1.0,48.4,0
954,Electrical,1,11.53,1,10,4.0,2,0.5,0.8,0.4235,0.8,79.47000000000001,0
955,Electrical,0,0.91,1,20,4.9,2,1.0,0.9800000000000001,0.9545,0.8,61.89,1
956,Gardening,1,1.17,1,18,3.8,4,0.9,0.76,0.9415,0.6,91.43,1
957,Carpentry,1,9.19,1,11,3.1,10,0.55,0.62,0.5405,0.0,72.51,1
958,Carpentry,1,16.42,0,2,3.1,3,0.1,0.62,0.17899999999999994,0.7,52.779999999999994,1
959,Plumbing,1,17.76,0,18,3.8,3,0.9,0.76,0.11199999999999988,0.7,60.839999999999996,1
960,Painting,0,2.19,1,7,3.3,8,0.35,0.6599999999999999,0.8905,0.19999999999999996,44.91,1
961,Cleaning,0,11.0,1,15,3.0,6,0.75,0.6,0.44999999999999996,0.4,41.5,0
962,Electrical,1,18.31,1,11,4.5,3,0.55,0.9,0.08450000000000002,0.7,73.19,1
963,Plumbing,1,8.07,0,18,3.9,2,0.9,0.78,0.5965,0.8,71.73,1
964,Plumbing,1,16.68,1,12,3.6,5,0.6,0.72,0.16600000000000004,0.5,71.52,1
965,Gardening,0,3.11,1,6,4.8,2,0.3,0.96,0.8445,0.8,52.489999999999995,1
966,Electrical,1,18.74,1,20,3.2,5,1.0,0.64,0.06300000000000006,0.5,72.66,1
967,Gardening,0,15.15,1,13,4.9,10,0.65,0.9800000000000001,0.24249999999999994,0.0,36.15,1
968,Cleaning,1,18.86,1,20,3.6,10,1.0,0.72,0.05700000000000005,0.0,68.33999999999999,1
969,Plumbing,1,13.69,1,16,4.8,8,0.8,0.96,0.3155,0.19999999999999996,75.91,1
970,Plumbing,1,7.59,1,18,4.2,5,0.9,0.8400000000000001,0.6205,0.5,84.81,1
971,Painting,0,18.79,1,10,4.7,3,0.5,0.9400000000000001,0.0605,0.7,37.61000000000001,1
972,Cleaning,0,5.87,1,8,5.0,4,0.4,1.0,0.7065,0.6,49.13,1
973,Plumbing,1,6.98,1,18,3.6,5,0.9,0.72,0.651,0.5,84.22,1
974,Cleaning,1,14.17,1,1,4.9,10,0.05,0.9800000000000001,0.2915,0.0,66.13,1
975,Electrical,1,15.42,1,8,3.8,2,0.4,0.76,0.22899999999999998,0.8,74.18,1
976,Carpentry,1,18.62,0,6,3.8,7,0.3,0.76,0.06899999999999995,0.30000000000000004,49.98,0
977,Plumbing,1,4.49,1,5,3.7,3,0.25,0.74,0.7755,0.7,82.41,1
978,Painting,0,16.06,1,15,4.1,7,0.75,0.82,0.19700000000000006,0.30000000000000004,37.64000000000001,0
979,Electrical,1,14.9,1,15,3.3,9,0.75,0.6599999999999999,0.255,0.09999999999999998,70.19999999999999,1
980,Cleaning,1,1.74,1,2,4.1,9,0.1,0.82,0.913,0.09999999999999998,78.46,1
981,Gardening,1,8.05,1,1,4.1,2,0.05,0.82,0.5974999999999999,0.8,78.64999999999999,1
982,Electrical,0,6.01,0,11,4.5,9,0.55,0.9,0.6995,0.09999999999999998,29.490000000000006,1
983,Plumbing,1,6.44,1,10,4.7,6,0.5,0.9400000000000001,0.6779999999999999,0.4,81.96,1
984,Cleaning,1,19.67,1,18,3.9,10,0.9,0.78,0.01649999999999996,0.0,67.13,1
985,Carpentry,1,13.03,1,18,3.6,8,0.9,0.72,0.34850000000000003,0.19999999999999996,75.16999999999999,1
986,Electrical,1,14.49,1,17,3.5,3,0.85,0.7,0.27549999999999997,0.7,78.00999999999998,1
987,Plumbing,0,19.54,1,8,3.4,7,0.4,0.6799999999999999,0.02300000000000002,0.30000000000000004,29.26,0
988,Painting,1,7.86,1,15,3.1,2,0.75,0.62,0.607,0.8,83.84,1
989,Gardening,1,16.14,0,8,3.7,6,0.4,0.74,0.19299999999999995,0.4,54.26,1
990,Cleaning,1,8.97,1,17,3.5,2,0.85,0.7,0.5515,0.8,84.53,1
991,Electrical,1,17.46,1,12,4.9,6,0.6,0.9800000000000001,0.127,0.4,72.33999999999999,0
992,Electrical,0,4.02,1,8,4.1,10,0.4,0.82,0.799,0.0,43.18,1
993,Carpentry,1,18.98,1,14,3.7,9,0.7,0.74,0.050999999999999934,0.09999999999999998,66.41999999999999,1
994,Carpentry,0,4.77,1,4,4.2,9,0.2,0.8400000000000001,0.7615000000000001,0.09999999999999998,41.63,1
995,Painting,1,6.86,0,1,3.3,10,0.05,0.6599999999999999,0.657,0.0,55.24,1
996,Gardening,1,15.25,1,1,3.9,10,0.05,0.78,0.23750000000000004,0.0,63.050000000000004,1
997,Painting,1,8.18,1,19,4.3,5,0.95,0.86,0.591,0.5,84.92,0
998,Plumbing,1,12.36,1,16,4.0,1,0.8,0.8,0.382,0.9,82.64000000000001,1
999,Plumbing,0,9.17,1,14,3.8,10,0.7,0.76,0.5415,0.0,40.43,1
1000,Painting,1,14.98,1,16,5.0,2,0.8,1.0,0.251,0.8,81.02000000000001,1
