worker_id,name,skill,experience,rating,workload,availability,latitude,longitude
W0001,Arun Mishra,Painting,17,3.7,8,1,28.508227,77.272012
W0002,Arun Gupta,Carpentry,6,3.4,1,1,28.613568,77.107222
W0003,Mohit Kumar,Gardening,2,3.8,7,1,28.701854,77.306128
W0004,Mohit Verma,Carpentry,12,4.6,6,1,28.496527,77.609808
W0005,Vikas Joshi,Electrical,6,4.3,3,1,28.82918,77.532576
W0006,Rajesh Patel,Carpentry,18,3.9,0,1,29.095892,77.065598
W0007,Karan Agarwal,Gardening,16,3.3,8,0,28.723112,77.438081
W0008,Mohit Singh,Painting,4,3.2,5,1,28.497673,76.813988
W0009,Rohit Gupta,Gardening,5,3.1,7,0,28.971826,77.478404
W0010,Karan Agarwal,Electrical,14,4.1,6,0,28.506192,77.433545
W0011,Pankaj Yadav,Painting,16,4.0,2,1,28.406808,76.831939
W0012,Vikas Agarwal,Plumbing,7,4.2,7,1,29.162866,76.867167
W0013,Pankaj Sharma,Cleaning,9,3.6,10,1,28.441575,77.245944
W0014,Arun Singh,Cleaning,20,3.5,10,1,28.663247,77.29472
W0015,Suresh Yadav,Cleaning,10,3.1,2,1,28.466725,77.680786
W0016,Anil Singh,Electrical,8,3.2,4,1,28.723195,77.39208
W0017,Amit Verma,Cleaning,2,3.6,5,1,29.003677,76.800128
W0018,Karan Yadav,Carpentry,11,4.5,2,1,28.93728,76.932635
W0019,Manoj Verma,Plumbing,10,5.0,5,0,29.18764,77.060973
W0020,Pankaj Singh,Gardening,9,3.7,3,1,28.657549,77.107539
W0021,Deepak Kumar,Cleaning,4,4.1,6,1,29.13954,77.517126
W0022,Anil Sharma,Carpentry,5,4.2,0,1,28.553936,77.484601
W0023,Rohit Mishra,Plumbing,14,4.5,7,1,28.520558,77.100091
W0024,Karan Singh,Cleaning,12,4.5,10,0,28.941846,77.486703
W0025,Ravi Agarwal,Gardening,5,3.6,8,1,29.168498,77.514326
W0026,Anil Patel,Plumbing,15,4.4,0,1,29.022152,77.494991
W0027,Arun Singh,Carpentry,5,4.1,8,0,28.794542,77.437167
W0028,Deepak Gupta,Cleaning,7,4.4,2,1,28.478911,77.559106
W0029,Deepak Kumar,Painting,2,4.0,3,1,28.710966,77.221694
W0030,Karan Mishra,Plumbing,7,3.9,5,0,28.950896,77.597876
W0031,Pankaj Gupta,Painting,6,4.1,5,0,28.865561,77.051392
W0032,Arun Agarwal,Carpentry,16,3.4,4,0,28.426224,77.518885
W0033,Sunil Mishra,Electrical,15,4.3,7,1,28.513206,76.817841
W0034,Anil Mishra,Carpentry,15,3.7,6,1,28.563147,77.223177
W0035,Mohit Kumar,Plumbing,10,4.5,5,1,28.443314,77.204614
W0036,Anil Gupta,Cleaning,4,4.7,8,1,28.680668,76.945158
W0037,Manoj Sharma,Carpentry,9,4.5,2,1,29.062822,77.486058
W0038,Mohit Kumar,Painting,1,4.4,4,0,28.728669,77.760919
W0039,Pankaj Sharma,Cleaning,8,4.8,2,1,28.980326,76.86966
W0040,Pankaj Verma,Plumbing,17,4.8,3,1,28.877642,77.071272
W0041,Vikas Joshi,Electrical,5,4.6,2,0,28.564476,77.70921
W0042,Vikas Verma,Carpentry,8,4.7,9,1,28.487447,77.771429
W0043,Rajesh Kumar,Gardening,4,3.9,10,1,29.072573,77.499056
W0044,Pankaj Gupta,Carpentry,9,3.7,1,1,28.711773,77.003133
W0045,Mohit Singh,Gardening,19,4.4,8,1,28.965051,77.160657
W0046,Deepak Patel,Plumbing,18,4.3,1,1,28.548235,76.828318
W0047,Anil Singh,Electrical,9,3.6,1,1,28.601849,76.953717
W0048,Deepak Patel,Plumbing,17,4.4,5,0,28.429791,77.199188
W0049,Pankaj Gupta,Plumbing,18,3.4,2,1,29.181626,77.555812
W0050,Deepak Joshi,Gardening,9,4.4,5,1,29.179155,77.098684
W0051,Suresh Gupta,Gardening,14,3.7,3,1,28.724917,77.493071
W0052,Ravi Joshi,Gardening,16,3.7,1,1,28.70138,77.571187
W0053,Vivek Kumar,Gardening,15,4.5,5,1,29.064088,76.988355
W0054,Pankaj Kumar,Painting,2,4.1,10,1,28.719224,76.812984
W0055,Pankaj Joshi,Gardening,14,3.5,4,1,29.148611,76.931716
W0056,Mohit Agarwal,Carpentry,2,4.7,0,1,28.535692,77.68964
W0057,Pankaj Joshi,Painting,15,4.2,5,0,28.745303,76.851422
W0058,Pankaj Patel,Painting,1,4.2,5,1,28.900552,77.440561
W0059,Amit Yadav,Plumbing,2,3.5,2,1,28.763899,77.174478
W0060,Mohit Joshi,Carpentry,11,4.6,2,1,28.863696,77.786258
W0061,Karan Sharma,Painting,15,3.6,8,0,28.689643,76.935559
W0062,Karan Patel,Cleaning,18,3.6,9,1,28.817686,76.842619
W0063,Karan Joshi,Plumbing,4,5.0,3,1,28.909438,77.301875
W0064,Rohit Sharma,Cleaning,14,4.1,5,1,29.104729,77.589089
W0065,Karan Verma,Carpentry,4,4.6,0,0,29.127065,77.437255
W0066,Vivek Singh,Painting,2,3.7,6,1,28.685583,77.531371
W0067,Sunil Patel,Plumbing,14,4.6,9,1,28.657519,77.712449
W0068,Rohit Singh,Plumbing,2,4.1,9,1,28.427612,77.484558
W0069,Pankaj Patel,Painting,20,3.6,4,0,29.081289,77.482925
W0070,Manoj Singh,Carpentry,1,4.1,0,1,29.003774,77.203607
W0071,Rohit Yadav,Gardening,1,3.9,0,1,28.641405,77.338746
W0072,Rohit Agarwal,Gardening,15,4.6,8,1,28.997834,77.287971
W0073,Rohit Kumar,Electrical,10,4.0,9,1,28.512866,77.298073
W0074,Manoj Sharma,Cleaning,14,4.3,7,0,29.064569,77.796624
W0075,Vikas Joshi,Gardening,1,4.2,2,1,29.188633,76.926716
W0076,Mohit Gupta,Painting,11,3.3,4,1,28.49609,76.917344
W0077,Karan Yadav,Cleaning,20,4.2,10,1,28.427898,77.48847
W0078,Anil Verma,Cleaning,19,3.8,1,1,28.573267,77.799677
W0079,Manoj Joshi,Carpentry,18,3.7,9,1,28.410464,76.913845
W0080,Vivek Gupta,Painting,6,3.1,8,1,29.116128,77.792113
W0081,Mohit Yadav,Plumbing,16,4.0,6,0,28.62756,77.797809
W0082,Vivek Agarwal,Cleaning,12,4.9,7,1,28.820896,77.011616
W0083,Karan Singh,Carpentry,8,4.4,2,1,28.836365,77.424178
W0084,Mohit Sharma,Electrical,20,3.3,5,1,29.165622,77.418929
W0085,Vivek Yadav,Plumbing,2,4.8,2,1,28.85864,77.672738
W0086,Rajesh Mishra,Gardening,5,4.1,7,1,28.697014,77.415709
W0087,Rohit Verma,Cleaning,18,3.2,5,0,28.840225,77.358141
W0088,Amit Patel,Electrical,10,3.2,2,0,28.529198,76.818407
W0089,Amit Joshi,Plumbing,15,4.3,5,1,29.022822,77.11827
W0090,Suresh Kumar,Gardening,7,3.5,4,0,28.643107,77.004039
W0091,Anil Mishra,Cleaning,11,4.5,0,0,28.808815,77.628016
W0092,Deepak Verma,Painting,4,4.6,9,1,28.408429,77.344641
W0093,Rohit Agarwal,Painting,2,4.8,7,1,29.193266,76.815551
W0094,Rohit Kumar,Painting,11,3.0,9,1,29.163131,77.279963
W0095,Pankaj Gupta,Gardening,5,4.9,6,1,28.938042,77.099807
W0096,Ravi Singh,Painting,14,4.4,9,1,28.450993,77.032561
W0097,Manoj Gupta,Cleaning,14,4.4,5,1,28.658713,77.679684
W0098,Sunil Yadav,Painting,19,4.2,1,1,28.674707,77.248925
W0099,Karan Kumar,Plumbing,6,4.3,8,0,29.085932,77.205933
W0100,Rohit Patel,Gardening,12,3.8,10,1,29.072081,77.270375
W0101,Pankaj Gupta,Cleaning,3,4.4,4,1,28.716315,77.575025
W0102,Amit Patel,Painting,11,4.1,0,0,28.821506,77.213983
W0103,Vivek Yadav,Plumbing,11,3.9,0,1,28.854886,77.574861
W0104,Suresh Kumar,Carpentry,12,3.3,2,0,28.554925,76.913526
W0105,Mohit Mishra,Electrical,5,3.9,0,1,29.136786,77.178097
W0106,Rohit Joshi,Electrical,9,3.2,3,1,29.16817,77.199026
W0107,Pankaj Kumar,Electrical,4,3.6,4,0,28.540825,77.653178
W0108,Sunil Singh,Painting,10,4.0,9,1,28.846017,77.521035
W0109,Anil Mishra,Electrical,7,4.4,4,1,28.692798,77.631695
W0110,Rajesh Sharma,Painting,13,4.3,3,1,28.499177,77.516251
W0111,Vikas Kumar,Cleaning,3,3.5,4,1,28.824035,77.429927
W0112,Ravi Sharma,Cleaning,19,4.3,10,1,28.979325,77.477041
W0113,Rohit Yadav,Electrical,11,4.5,5,1,28.553737,77.495679
W0114,Rohit Agarwal,Painting,19,4.6,0,1,28.619879,76.887302
W0115,Sunil Verma,Cleaning,8,4.7,5,1,28.503454,77.442646
W0116,Vivek Patel,Plumbing,13,4.9,6,1,28.897902,77.367155
W0117,Anil Yadav,Painting,11,4.4,1,1,29.008126,76.981024
W0118,Pankaj Agarwal,Cleaning,4,4.6,10,1,28.432401,77.372081
W0119,Rohit Mishra,Plumbing,5,4.0,7,1,28.437989,77.73127
W0120,Sunil Mishra,Electrical,6,3.1,1,1,28.640165,77.052874
W0121,Vivek Kumar,Carpentry,20,3.5,10,1,28.775675,77.515587
W0122,Rajesh Patel,Gardening,10,3.9,9,1,29.195096,77.79285
W0123,Suresh Gupta,Carpentry,11,3.1,3,0,28.581203,77.679044
W0124,Amit Yadav,Gardening,15,4.8,9,0,28.834461,76.970992
W0125,Amit Verma,Plumbing,16,3.9,4,1,28.83649,76.917102
W0126,Vivek Patel,Carpentry,19,4.2,6,1,28.610124,77.762219
W0127,Amit Mishra,Gardening,2,3.4,6,1,28.792538,77.769019
W0128,Vikas Yadav,Carpentry,5,3.2,5,1,29.154437,77.527311
W0129,Sunil Agarwal,Cleaning,9,3.3,3,1,29.059243,77.039607
W0130,Karan Sharma,Cleaning,16,4.9,1,0,28.838022,77.368202
W0131,Rohit Gupta,Gardening,8,4.9,7,1,28.596321,77.289607
W0132,Rajesh Sharma,Gardening,20,4.2,7,1,28.829301,77.062175
W0133,Rajesh Gupta,Cleaning,16,3.2,10,0,28.793872,77.211838
W0134,Deepak Singh,Painting,12,3.4,3,0,29.005806,77.170184
W0135,Sunil Sharma,Electrical,12,4.7,4,1,29.061609,77.535989
W0136,Karan Gupta,Gardening,19,3.9,4,1,29.021296,77.795533
W0137,Sunil Agarwal,Cleaning,14,3.9,1,1,28.831488,76.85096
W0138,Amit Verma,Electrical,12,3.7,2,1,28.856889,76.931268
W0139,Manoj Gupta,Cleaning,1,4.8,8,1,28.455197,76.897094
W0140,Pankaj Kumar,Plumbing,6,3.2,1,1,29.13655,77.223028
W0141,Manoj Singh,Carpentry,17,4.7,3,1,29.128137,77.399622
W0142,Anil Patel,Painting,20,4.7,1,1,28.538858,77.748006
W0143,Anil Verma,Electrical,8,3.7,3,1,28.859654,77.461471
W0144,Suresh Joshi,Painting,13,4.9,0,1,28.919164,77.442384
W0145,Ravi Verma,Carpentry,16,4.5,2,1,28.913112,77.006777
W0146,Karan Yadav,Plumbing,18,3.5,9,1,28.467081,77.550527
W0147,Rajesh Singh,Cleaning,11,3.2,8,1,29.080979,77.400603
W0148,Vivek Singh,Electrical,14,4.4,2,1,29.158136,77.164403
W0149,Vikas Verma,Plumbing,4,3.0,0,0,29.124938,77.427795
W0150,Ravi Joshi,Gardening,6,4.2,5,1,28.499076,77.256116
W0151,Rohit Joshi,Electrical,15,3.0,7,1,28.943348,77.305849
W0152,Amit Sharma,Plumbing,14,4.3,3,1,28.647687,77.330724
W0153,Vivek Patel,Electrical,1,3.8,5,1,28.524791,77.555644
W0154,Rohit Agarwal,Plumbing,19,3.7,2,1,28.954118,77.656257
W0155,Ravi Singh,Cleaning,3,3.1,7,1,28.50238,76.92471
W0156,Karan Sharma,Plumbing,14,4.4,1,1,29.111323,77.389455
W0157,Arun Kumar,Carpentry,14,3.4,5,1,28.503173,77.223617
W0158,Karan Sharma,Electrical,1,3.5,6,1,29.151976,76.887357
W0159,Anil Agarwal,Plumbing,16,3.9,7,1,28.998141,77.344612
W0160,Anil Patel,Gardening,19,4.1,9,0,28.573355,77.066275
W0161,Anil Yadav,Painting,17,4.2,4,0,29.129827,77.504377
W0162,Manoj Joshi,Carpentry,5,3.2,0,1,28.54691,77.755504
W0163,Suresh Patel,Gardening,9,5.0,7,1,28.912967,77.130956
W0164,Pankaj Joshi,Electrical,4,3.0,3,1,28.455356,77.186722
W0165,Suresh Yadav,Carpentry,14,3.3,1,0,28.490308,77.278974
W0166,Rohit Patel,Painting,10,3.4,5,1,28.486744,77.165851
W0167,Karan Sharma,Carpentry,2,3.6,6,1,28.999534,77.448835
W0168,Amit Agarwal,Cleaning,8,4.9,5,0,28.923126,77.295885
W0169,Anil Joshi,Electrical,9,4.8,9,1,29.158648,77.288933
W0170,Pankaj Mishra,Gardening,7,3.7,9,1,28.893787,77.725292
W0171,Vikas Joshi,Gardening,4,3.1,9,1,29.152886,77.442841
W0172,Vikas Singh,Cleaning,11,3.8,7,1,28.794312,76.816986
W0173,Rohit Patel,Plumbing,10,3.2,8,1,28.56228,77.33529
W0174,Ravi Agarwal,Painting,2,4.3,10,1,28.590493,76.932946
W0175,Rohit Sharma,Cleaning,10,3.9,1,1,28.904032,77.486405
W0176,Ravi Singh,Plumbing,3,4.1,5,0,28.873473,77.282301
W0177,Vikas Gupta,Painting,6,4.1,6,1,29.027541,77.511494
W0178,Anil Singh,Carpentry,18,4.9,6,0,29.173412,77.63423
W0179,Amit Mishra,Carpentry,19,3.3,0,1,29.14495,77.000748
W0180,Rajesh Mishra,Cleaning,20,4.4,7,1,28.762741,76.880895
W0181,Rajesh Mishra,Electrical,20,3.4,3,1,28.560213,76.812797
W0182,Vivek Sharma,Electrical,7,3.9,0,1,28.703597,77.785836
W0183,Vivek Sharma,Plumbing,13,3.4,5,1,28.746855,77.439104
W0184,Amit Kumar,Electrical,20,3.5,6,1,28.828845,77.057638
W0185,Ravi Sharma,Electrical,18,5.0,4,1,29.033401,77.717141
W0186,Arun Patel,Cleaning,13,4.2,2,0,28.712428,77.259813
W0187,Rohit Patel,Electrical,7,3.2,9,1,28.578037,77.488831
W0188,Anil Joshi,Carpentry,11,4.6,10,0,29.064561,76.888072
W0189,Arun Singh,Cleaning,13,4.9,5,1,28.501542,77.043587
W0190,Manoj Joshi,Carpentry,6,3.9,5,1,28.45657,77.634597
W0191,Mohit Agarwal,Plumbing,16,4.0,10,1,28.798203,77.67088
W0192,Rajesh Sharma,Carpentry,2,3.6,1,0,28.594547,77.587636
W0193,Arun Singh,Carpentry,12,4.3,0,1,28.457294,77.707557
W0194,Sunil Joshi,Carpentry,11,3.3,9,1,29.168355,77.115243
W0195,Mohit Singh,Carpentry,20,4.9,6,1,29.102479,77.40042
W0196,Karan Mishra,Electrical,12,4.2,6,1,28.737854,77.588839
W0197,Mohit Joshi,Cleaning,3,3.5,6,1,28.591364,77.477295
W0198,Sunil Singh,Carpentry,20,3.0,2,1,28.621777,77.045856
W0199,Rajesh Verma,Plumbing,3,4.9,6,1,28.733201,76.976286
W0200,Karan Yadav,Electrical,15,4.4,4,0,28.681081,77.609432
W0201,Karan Gupta,Painting,16,4.9,8,1,28.938361,76.846875
W0202,Vikas Singh,Electrical,2,4.1,3,1,28.69923,77.673384
W0203,Karan Gupta,Painting,13,3.4,9,1,29.19252,77.736243
W0204,Anil Mishra,Cleaning,15,3.1,8,1,28.419317,77.224971
W0205,Pankaj Agarwal,Carpentry,14,5.0,0,1,28.859079,77.2803
W0206,Amit Yadav,Cleaning,10,4.6,7,1,29.057802,77.441422
W0207,Karan Kumar,Cleaning,12,3.1,3,1,28.90026,77.160842
W0208,Amit Agarwal,Plumbing,10,4.7,0,1,28.807577,77.11927
W0209,Suresh Mishra,Gardening,2,3.9,6,1,28.992067,77.755539
W0210,Suresh Mishra,Electrical,18,3.4,2,1,28.634844,76.872633
W0211,Sunil Singh,Painting,6,3.1,8,1,28.409659,77.464329
W0212,Anil Sharma,Plumbing,15,3.8,3,1,29.089904,76.85718
W0213,Anil Kumar,Gardening,18,4.9,0,1,28.651452,77.556874
W0214,Ravi Kumar,Electrical,3,4.5,4,0,28.945467,77.612598
W0215,Amit Joshi,Gardening,7,3.7,9,0,29.103455,77.058064
W0216,Vikas Mishra,Gardening,12,4.9,4,1,28.838095,77.024128
W0217,Mohit Singh,Painting,18,4.8,3,1,28.700096,77.794589
W0218,Vivek Gupta,Plumbing,4,4.9,5,1,28.501471,77.075056
W0219,Karan Gupta,Plumbing,15,3.5,8,1,28.589575,77.118356
W0220,Suresh Mishra,Painting,5,4.2,3,1,29.004527,77.131874
W0221,Pankaj Patel,Carpentry,5,3.3,3,0,28.638351,77.421819
W0222,Manoj Kumar,Carpentry,8,4.8,1,1,29.104665,77.085575
W0223,Pankaj Mishra,Plumbing,8,4.6,8,1,28.444328,77.632418
W0224,Karan Gupta,Plumbing,17,4.7,1,1,28.698273,77.066411
W0225,Vikas Verma,Gardening,5,4.7,8,1,28.570787,76.89688
W0226,Anil Mishra,Gardening,3,4.7,1,1,29.101958,77.350038
W0227,Mohit Yadav,Painting,7,4.6,3,1,28.876777,77.429247
W0228,Sunil Gupta,Carpentry,16,3.2,1,1,28.608644,76.891766
W0229,Pankaj Yadav,Carpentry,18,3.2,4,1,28.972876,77.001438
W0230,Pankaj Yadav,Cleaning,8,4.1,9,1,29.130818,77.668311
W0231,Karan Mishra,Plumbing,6,3.9,2,1,28.95261,77.309668
W0232,Sunil Mishra,Painting,1,3.5,2,1,28.442767,76.923994
W0233,Ravi Kumar,Plumbing,2,4.0,2,1,28.555095,77.569201
W0234,Karan Agarwal,Electrical,13,3.0,6,1,28.875486,77.069607
W0235,Arun Agarwal,Gardening,11,4.7,7,1,28.946952,77.335815
W0236,Karan Singh,Painting,1,3.7,9,1,28.588589,77.270182
W0237,Rohit Yadav,Plumbing,6,4.6,0,1,28.460384,77.726601
W0238,Amit Agarwal,Electrical,12,3.2,8,1,28.815147,77.679817
W0239,Arun Mishra,Electrical,15,4.5,10,0,28.856791,77.54115
W0240,Anil Kumar,Gardening,16,3.9,9,1,28.900585,76.897231
W0241,Sunil Yadav,Gardening,20,4.9,3,1,28.64837,77.130716
W0242,Rohit Yadav,Carpentry,19,4.9,0,1,28.863478,77.557543
W0243,Suresh Joshi,Electrical,16,4.6,3,1,28.756516,76.93903
W0244,Rohit Singh,Carpentry,13,3.1,10,0,28.847911,77.582511
W0245,Mohit Joshi,Plumbing,7,3.0,4,1,28.786315,77.352313
W0246,Karan Gupta,Gardening,1,4.7,5,0,29.128572,77.462691
W0247,Rajesh Kumar,Carpentry,20,4.3,1,1,29.181885,77.76724
W0248,Ravi Kumar,Cleaning,13,4.3,1,0,28.53863,77.118253
W0249,Deepak Yadav,Gardening,12,3.8,2,1,29.085203,76.956703
W0250,Rajesh Patel,Painting,9,3.2,4,0,28.511439,76.869954
W0251,Rajesh Mishra,Painting,18,3.1,8,1,28.651852,77.642505
W0252,Vikas Yadav,Carpentry,9,5.0,4,1,28.63229,77.135949
W0253,Vivek Sharma,Carpentry,9,4.3,7,0,29.100642,76.847195
W0254,Rohit Mishra,Gardening,3,4.9,0,1,28.595892,77.723533
W0255,Vikas Joshi,Electrical,4,3.8,0,1,28.780371,77.343017
W0256,Ravi Kumar,Plumbing,4,4.7,8,1,28.668878,77.683832
W0257,Deepak Patel,Cleaning,7,4.5,2,1,28.855401,76.856411
W0258,Arun Yadav,Electrical,20,3.6,1,0,28.634816,77.697678
W0259,Vikas Gupta,Carpentry,11,3.8,1,1,29.114737,77.129326
W0260,Pankaj Sharma,Painting,10,4.0,10,1,29.012544,77.394599
W0261,Arun Agarwal,Carpentry,8,3.4,10,1,29.181867,77.494663
W0262,Ravi Yadav,Plumbing,9,3.5,5,1,28.413901,77.694778
W0263,Karan Sharma,Electrical,10,4.4,3,1,28.473016,77.382161
W0264,Vivek Yadav,Cleaning,2,3.3,4,0,29.021712,76.860281
W0265,Vikas Patel,Cleaning,5,4.8,2,1,29.109347,77.0973
W0266,Sunil Agarwal,Painting,16,3.0,6,1,29.104789,77.023586
W0267,Vivek Mishra,Gardening,15,4.9,5,1,28.544644,77.564241
W0268,Deepak Agarwal,Painting,12,3.3,9,1,28.733311,77.728544
W0269,Karan Gupta,Plumbing,11,4.6,2,0,29.133869,77.36928
W0270,Manoj Kumar,Carpentry,13,3.8,10,1,28.839524,77.505063
W0271,Vikas Mishra,Cleaning,20,3.9,0,1,28.780649,77.541707
W0272,Anil Sharma,Gardening,2,4.6,1,1,29.186248,77.113716
W0273,Vivek Verma,Painting,7,3.4,10,1,28.619878,77.576451
W0274,Mohit Sharma,Painting,8,4.9,1,0,28.510116,77.215738
W0275,Vikas Patel,Carpentry,15,3.2,10,1,28.920158,77.255305
W0276,Deepak Yadav,Carpentry,9,4.3,4,1,28.827236,77.427835
W0277,Rajesh Mishra,Gardening,4,3.7,4,1,28.971037,77.532903
W0278,Mohit Kumar,Electrical,1,3.2,2,1,28.966707,76.823793
W0279,Vikas Yadav,Carpentry,6,3.2,6,1,28.733459,77.092293
W0280,Rajesh Agarwal,Gardening,18,3.6,3,1,28.548076,76.928122
W0281,Karan Agarwal,Painting,17,4.0,9,1,28.604726,77.187096
W0282,Anil Singh,Carpentry,7,4.4,6,1,28.793129,77.732604
W0283,Pankaj Mishra,Plumbing,13,4.7,10,1,29.074778,77.273545
W0284,Anil Patel,Painting,1,4.5,7,1,28.536847,77.094323
W0285,Anil Agarwal,Cleaning,13,4.6,6,1,28.670712,77.663061
W0286,Amit Singh,Electrical,13,4.3,0,1,29.095023,76.949729
W0287,Karan Joshi,Gardening,7,4.7,7,1,28.666298,77.567605
W0288,Deepak Patel,Gardening,12,3.6,0,1,29.141435,77.114808
W0289,Pankaj Singh,Plumbing,17,4.8,0,0,28.611037,77.56997
W0290,Rohit Sharma,Cleaning,7,3.6,2,1,28.662554,77.619526
W0291,Suresh Kumar,Plumbing,20,3.9,4,0,28.593576,76.825153
W0292,Anil Gupta,Electrical,11,4.4,7,1,29.073875,77.520372
W0293,Amit Joshi,Carpentry,6,3.5,4,1,29.065184,77.345372
W0294,Vikas Sharma,Gardening,15,4.3,5,0,28.812072,77.257323
W0295,Anil Kumar,Gardening,17,3.9,0,1,29.05858,77.501095
W0296,Amit Singh,Electrical,12,4.9,4,1,28.445633,77.009343
W0297,Arun Gupta,Plumbing,18,3.8,6,1,28.74383,77.766345
W0298,Sunil Patel,Plumbing,19,4.2,3,1,28.60396,77.718284
W0299,Mohit Patel,Electrical,20,4.2,3,1,29.171164,77.193689
W0300,Suresh Kumar,Gardening,18,4.2,10,1,29.01001,77.355099
W0301,Deepak Kumar,Painting,11,4.8,5,1,29.083842,76.87874
W0302,Ravi Kumar,Carpentry,14,3.9,5,1,28.878228,77.669955
W0303,Rohit Verma,Gardening,13,4.8,4,1,29.055816,77.403527
W0304,Amit Sharma,Gardening,12,4.6,1,0,28.663733,77.458388
W0305,Sunil Mishra,Electrical,14,3.7,6,1,28.959125,77.586734
W0306,Amit Gupta,Carpentry,11,4.7,4,1,28.879049,77.118327
W0307,Suresh Verma,Plumbing,15,4.6,1,1,28.667338,77.74678
W0308,Deepak Yadav,Painting,14,3.5,9,1,29.099931,77.220165
W0309,Vikas Patel,Cleaning,8,3.1,3,0,28.965836,77.533869
W0310,Ravi Joshi,Gardening,10,4.8,10,1,29.114681,77.642203
W0311,Sunil Yadav,Gardening,14,4.7,0,1,28.657574,76.863669
W0312,Amit Kumar,Carpentry,3,4.1,9,1,29.16291,77.223485
W0313,Rajesh Patel,Gardening,18,4.5,4,1,28.761626,77.412344
W0314,Arun Joshi,Electrical,4,3.7,8,1,28.86328,77.232213
W0315,Manoj Mishra,Carpentry,19,3.6,9,0,28.499886,77.271245
W0316,Deepak Gupta,Electrical,19,4.3,5,1,28.605211,77.134426
W0317,Rajesh Mishra,Plumbing,11,3.7,9,1,29.059178,77.228278
W0318,Vikas Sharma,Cleaning,1,4.7,9,1,28.499332,77.446401
W0319,Manoj Joshi,Plumbing,20,4.5,4,1,29.040121,76.935244
W0320,Karan Singh,Painting,8,4.8,5,1,29.128068,77.548012
W0321,Deepak Sharma,Gardening,8,3.1,9,1,28.552527,77.370144
W0322,Karan Verma,Plumbing,20,4.4,4,1,29.034329,77.685985
W0323,Rajesh Verma,Electrical,15,3.9,8,0,28.658818,77.438427
W0324,Suresh Sharma,Electrical,10,3.1,6,1,28.532642,77.197022
W0325,Arun Sharma,Painting,10,4.8,1,1,28.65431,77.53531
W0326,Mohit Mishra,Electrical,10,4.5,1,1,28.969445,77.791653
W0327,Arun Verma,Electrical,15,3.9,3,1,28.790148,77.519164
W0328,Rajesh Kumar,Gardening,2,3.1,7,1,29.10278,77.594955
W0329,Suresh Kumar,Painting,11,3.5,0,1,28.408289,77.714214
W0330,Vikas Singh,Gardening,18,4.9,1,1,29.140564,77.301338
W0331,Deepak Joshi,Gardening,11,3.2,10,1,28.608176,77.46182
W0332,Suresh Kumar,Gardening,14,3.0,3,0,28.558616,77.46807
W0333,Vivek Sharma,Painting,13,4.4,1,1,28.977356,76.988549
W0334,Rohit Patel,Carpentry,7,4.8,0,1,28.924472,77.34832
W0335,Vivek Verma,Painting,7,4.0,0,1,28.649803,77.649421
W0336,Suresh Gupta,Gardening,1,3.7,5,1,28.586698,77.246495
W0337,Vikas Verma,Painting,14,3.7,10,1,28.959405,77.732731
W0338,Anil Joshi,Electrical,20,3.9,9,1,29.012576,77.022176
W0339,Sunil Verma,Gardening,14,3.9,0,1,29.099718,77.208093
W0340,Vikas Verma,Carpentry,12,4.1,3,1,28.432669,77.592993
W0341,Amit Verma,Electrical,19,4.1,6,1,29.155733,77.462987
W0342,Karan Mishra,Cleaning,12,3.2,6,0,28.417187,76.962063
W0343,Mohit Gupta,Painting,7,4.0,9,1,28.649892,77.020764
W0344,Rajesh Joshi,Plumbing,15,3.2,3,1,28.975017,76.996007
W0345,Sunil Joshi,Gardening,17,3.2,1,1,29.02417,77.748724
W0346,Deepak Sharma,Painting,13,4.5,2,1,28.537388,77.01112
W0347,Ravi Verma,Electrical,3,4.5,10,1,29.020604,76.80066
W0348,Deepak Gupta,Electrical,9,4.3,10,1,28.400035,77.53666
W0349,Arun Kumar,Gardening,16,4.4,3,1,29.010571,77.394993
W0350,Pankaj Singh,Painting,10,3.6,0,0,29.053653,77.090275
W0351,Anil Agarwal,Plumbing,13,4.5,8,1,28.741598,77.216165
W0352,Vikas Joshi,Painting,13,3.6,3,1,28.927072,77.557727
W0353,Anil Joshi,Gardening,12,3.7,8,1,28.669187,77.797399
W0354,Suresh Singh,Carpentry,18,4.6,1,0,29.067217,77.237844
W0355,Karan Verma,Gardening,16,4.5,6,1,28.839988,76.985733
W0356,Vikas Kumar,Cleaning,9,4.1,1,1,28.447156,77.076769
W0357,Deepak Gupta,Electrical,14,4.3,1,1,28.549856,77.110067
W0358,Deepak Joshi,Electrical,19,4.7,1,1,28.5433,76.802718
W0359,Manoj Mishra,Gardening,4,3.4,0,0,28.93429,77.444227
W0360,Rajesh Mishra,Gardening,20,4.2,0,1,28.726235,77.730572
W0361,Deepak Singh,Electrical,7,4.1,1,1,28.728815,77.559394
W0362,Ravi Joshi,Electrical,13,3.9,6,1,29.048747,77.469838
W0363,Anil Singh,Electrical,12,4.9,7,1,29.167132,77.052631
W0364,Anil Joshi,Plumbing,2,4.5,10,0,28.97279,77.647614
W0365,Vivek Patel,Cleaning,9,3.9,10,1,28.442912,77.202957
W0366,Pankaj Joshi,Gardening,5,3.5,9,0,28.740041,77.74822
W0367,Arun Gupta,Electrical,11,4.7,4,0,29.168669,77.276159
W0368,Manoj Mishra,Plumbing,8,3.7,9,0,29.159402,77.012581
W0369,Rajesh Singh,Carpentry,4,3.7,10,1,29.099779,76.874149
W0370,Anil Joshi,Gardening,12,4.8,8,1,28.540518,77.356014
W0371,Sunil Sharma,Electrical,4,4.5,8,1,28.864288,76.864759
W0372,Karan Gupta,Cleaning,18,3.1,5,1,28.664666,77.340242
W0373,Suresh Sharma,Gardening,11,4.6,6,1,28.806522,76.979225
W0374,Suresh Joshi,Gardening,11,4.5,5,1,28.645316,77.149363
W0375,Vivek Sharma,Gardening,10,4.5,6,1,29.145447,77.266324
W0376,Suresh Sharma,Plumbing,7,3.6,3,1,28.648711,77.320543
W0377,Deepak Agarwal,Electrical,20,3.7,4,1,28.829904,77.7416
W0378,Manoj Singh,Painting,10,4.7,10,1,28.537711,77.640731
W0379,Sunil Agarwal,Painting,8,4.3,5,1,28.629794,77.057984
W0380,Deepak Agarwal,Electrical,15,4.9,2,1,28.901626,77.714496
W0381,Arun Yadav,Cleaning,3,4.2,5,1,29.078319,77.52019
W0382,Suresh Singh,Electrical,12,3.9,5,1,28.96635,76.953449
W0383,Karan Gupta,Painting,14,3.1,8,1,29.183075,77.036155
W0384,Mohit Verma,Cleaning,5,4.2,0,0,29.028858,76.984538
W0385,Pankaj Gupta,Carpentry,12,4.2,10,1,28.652556,76.803379
W0386,Amit Kumar,Carpentry,12,3.8,8,1,29.089525,77.754638
W0387,Ravi Agarwal,Cleaning,1,3.2,3,1,29.131972,77.779809
W0388,Amit Gupta,Carpentry,3,3.5,3,0,28.655659,76.923102
W0389,Karan Singh,Carpentry,4,4.3,8,0,28.971909,77.019846
W0390,Rohit Joshi,Gardening,6,3.2,9,1,28.410767,77.677762
W0391,Vikas Yadav,Gardening,13,4.6,10,0,28.949833,77.053546
W0392,Rohit Mishra,Cleaning,1,4.5,6,1,28.956332,77.72007
W0393,Rajesh Patel,Carpentry,12,4.5,10,1,28.435094,77.224045
W0394,Rajesh Sharma,Plumbing,8,3.6,9,1,28.980873,77.611806
W0395,Mohit Gupta,Carpentry,11,4.2,9,1,28.754644,77.416073
W0396,Karan Mishra,Electrical,14,4.5,5,1,28.612981,77.743823
W0397,Karan Mishra,Cleaning,16,3.6,1,0,29.190447,77.273125
W0398,Manoj Agarwal,Gardening,7,4.8,4,0,28.468346,77.514012
W0399,Rohit Kumar,Painting,16,4.3,4,1,28.711514,77.015369
W0400,Amit Mishra,Cleaning,5,3.1,9,0,28.818263,77.152348
W0401,Manoj Yadav,Carpentry,17,3.9,8,1,28.59288,77.77836
W0402,Arun Gupta,Electrical,1,3.4,2,1,28.706853,77.652513
W0403,Sunil Mishra,Carpentry,18,3.2,7,0,28.50901,77.248816
W0404,Vikas Sharma,Cleaning,6,3.2,7,1,28.889871,77.04503
W0405,Amit Verma,Plumbing,9,3.9,9,1,28.970288,77.439958
W0406,Karan Agarwal,Plumbing,9,3.8,3,0,29.118725,76.927602
W0407,Ravi Mishra,Plumbing,9,4.9,4,1,29.031555,77.291671
W0408,Mohit Patel,Cleaning,17,3.0,6,1,29.153757,76.956353
W0409,Anil Verma,Painting,7,3.1,10,1,28.712693,77.40113
W0410,Anil Sharma,Cleaning,20,4.7,8,1,28.582644,77.08024
W0411,Amit Verma,Painting,11,4.4,4,1,28.664161,77.33655
W0412,Amit Joshi,Gardening,3,3.8,2,1,28.795262,77.792196
W0413,Amit Sharma,Electrical,5,3.7,7,1,28.568554,77.195653
W0414,Pankaj Agarwal,Painting,4,4.1,5,1,28.848302,77.494354
W0415,Rajesh Kumar,Gardening,15,4.6,1,1,29.047922,76.997668
W0416,Mohit Joshi,Gardening,9,3.1,7,1,28.802894,77.481863
W0417,Karan Joshi,Carpentry,16,4.5,9,1,28.747303,77.785105
W0418,Sunil Sharma,Cleaning,18,4.0,9,1,29.066875,77.516194
W0419,Pankaj Joshi,Electrical,12,3.1,0,1,28.604657,76.818364
W0420,Ravi Mishra,Painting,14,4.9,1,1,29.135733,77.53589
W0421,Amit Sharma,Gardening,10,3.2,7,0,28.519467,77.49113
W0422,Arun Gupta,Electrical,4,4.4,5,1,28.995609,77.483321
W0423,Manoj Mishra,Plumbing,15,4.1,0,0,28.441736,77.385011
W0424,Pankaj Gupta,Carpentry,2,4.0,4,1,28.551298,77.325265
W0425,Vivek Singh,Carpentry,18,4.6,7,1,28.736431,77.227844
W0426,Pankaj Mishra,Painting,12,3.9,4,1,29.178794,77.752641
W0427,Vivek Kumar,Gardening,8,3.9,10,1,28.460899,77.127821
W0428,Vikas Joshi,Electrical,13,4.7,4,1,29.062931,77.360493
W0429,Amit Patel,Painting,13,4.4,8,1,28.436043,77.481145
W0430,Arun Agarwal,Cleaning,16,3.5,8,1,28.447357,77.022068
W0431,Manoj Sharma,Painting,20,4.8,4,1,28.944796,76.955703
W0432,Ravi Verma,Gardening,2,3.5,3,1,28.642388,77.746236
W0433,Deepak Joshi,Carpentry,11,4.3,6,1,28.504016,77.034958
W0434,Amit Mishra,Plumbing,20,4.5,3,0,29.0695,77.511973
W0435,Rohit Sharma,Plumbing,16,3.5,10,1,28.688535,77.218001
W0436,Rohit Kumar,Painting,3,4.0,10,1,28.781289,77.205235
W0437,Deepak Mishra,Electrical,10,3.7,10,0,28.867987,77.193558
W0438,Sunil Singh,Carpentry,11,3.1,5,1,28.419369,77.509999
W0439,Rohit Joshi,Painting,13,4.1,2,1,28.567554,76.833611
W0440,Rohit Agarwal,Gardening,5,3.5,5,1,28.698688,77.34305
W0441,Rohit Mishra,Carpentry,12,3.1,6,1,28.593931,77.781293
W0442,Mohit Patel,Electrical,9,4.9,8,1,28.868262,77.770661
W0443,Amit Patel,Plumbing,5,3.1,5,0,28.429923,77.732665
W0444,Rohit Sharma,Gardening,16,4.8,8,1,29.12436,77.63588
W0445,Vivek Mishra,Carpentry,8,4.0,10,1,28.710807,77.614978
W0446,Pankaj Gupta,Carpentry,12,3.5,8,1,28.562418,77.370934
W0447,Sunil Singh,Cleaning,10,3.6,6,0,28.840337,76.89817
W0448,Deepak Singh,Gardening,4,4.1,9,1,28.837179,77.136435
W0449,Pankaj Kumar,Plumbing,18,4.0,2,0,28.961592,77.08461
W0450,Ravi Singh,Electrical,16,5.0,9,0,28.903543,77.486399
W0451,Deepak Yadav,Plumbing,15,4.9,9,1,28.882893,77.031561
W0452,Ravi Sharma,Painting,8,4.0,2,1,29.193743,77.018535
W0453,Manoj Singh,Carpentry,4,4.6,5,1,28.771273,77.689387
W0454,Arun Singh,Cleaning,6,3.6,2,1,28.562902,77.743236
W0455,Vivek Mishra,Carpentry,6,4.1,1,0,28.89527,77.105993
W0456,Karan Mishra,Cleaning,20,4.8,1,1,29.16628,76.882219
W0457,Amit Singh,Painting,13,3.5,5,0,28.42122,77.111365
W0458,Pankaj Patel,Painting,11,4.2,8,1,28.605876,77.161428
W0459,Deepak Agarwal,Electrical,15,4.8,5,0,29.094558,77.438414
W0460,Deepak Agarwal,Painting,4,3.8,10,1,28.907322,77.750105
W0461,Sunil Patel,Gardening,2,4.8,0,1,28.780646,77.1002
W0462,Amit Patel,Electrical,13,4.3,8,1,29.109059,77.339139
W0463,Amit Joshi,Plumbing,16,3.4,0,1,28.998263,77.411408
W0464,Karan Sharma,Cleaning,18,3.7,1,1,29.161941,77.675441
W0465,Amit Patel,Carpentry,15,3.7,7,0,29.14391,76.83927
W0466,Karan Joshi,Plumbing,12,3.8,7,1,28.909887,77.763992
W0467,Ravi Singh,Plumbing,19,4.9,8,1,28.422225,77.233553
W0468,Rohit Singh,Painting,10,3.7,5,0,29.10592,77.197169
W0469,Mohit Sharma,Painting,9,4.4,2,1,28.970373,77.604675
W0470,Karan Patel,Gardening,1,5.0,2,1,29.182582,77.403349
W0471,Vivek Joshi,Plumbing,5,4.6,7,0,29.047879,77.00498
W0472,Manoj Verma,Carpentry,18,3.8,3,1,28.915571,77.217217
W0473,Anil Agarwal,Painting,12,4.7,7,1,28.523445,77.605677
W0474,Ravi Joshi,Plumbing,9,3.1,8,0,28.83193,76.812626
W0475,Arun Joshi,Gardening,13,4.0,7,1,28.740423,77.005289
W0476,Pankaj Gupta,Electrical,10,4.9,9,1,29.183527,77.001066
W0477,Vivek Singh,Gardening,12,3.1,5,1,28.634355,77.481411
W0478,Mohit Gupta,Electrical,11,4.0,8,0,28.861496,76.802868
W0479,Amit Verma,Gardening,2,4.1,3,1,28.494597,77.240292
W0480,Manoj Sharma,Cleaning,18,3.8,3,1,28.808648,77.594205
W0481,Suresh Kumar,Painting,11,3.7,3,1,29.018013,77.337311
W0482,Deepak Verma,Gardening,4,3.6,10,1,28.708999,77.435003
W0483,Sunil Singh,Carpentry,12,4.2,0,1,29.044825,77.277886
W0484,Vivek Yadav,Plumbing,7,3.3,1,1,28.608753,77.691629
W0485,Vikas Verma,Cleaning,1,3.4,7,1,28.962266,77.204822
W0486,Anil Patel,Carpentry,18,3.8,1,1,28.752389,77.414147
W0487,Vivek Joshi,Cleaning,4,4.1,7,0,28.552559,76.98341
W0488,Vikas Yadav,Electrical,8,4.7,9,0,29.114542,77.427514
W0489,Mohit Kumar,Gardening,20,3.7,6,1,28.612233,76.891448
W0490,Vikas Singh,Plumbing,14,3.7,3,1,28.99075,77.769007
W0491,Karan Agarwal,Electrical,4,3.8,2,1,29.133895,77.42554
W0492,Anil Mishra,Cleaning,4,4.4,5,1,28.704216,77.418167
W0493,Deepak Mishra,Electrical,13,3.9,4,1,28.9562,77.440759
W0494,Anil Patel,Electrical,3,4.8,9,0,28.647126,77.066014
W0495,Rajesh Yadav,Electrical,13,3.4,4,1,28.977685,77.168671
W0496,Arun Joshi,Plumbing,18,3.3,6,1,28.501582,77.078299
W0497,Ravi Verma,Electrical,14,4.2,6,1,28.807926,77.371704
W0498,Suresh Mishra,Electrical,5,3.4,2,1,29.119596,77.102809
W0499,Manoj Mishra,Cleaning,1,4.2,10,1,29.049422,77.652312
W0500,Mohit Mishra,Painting,1,4.6,3,1,28.852293,77.32046
W0501,Amit Sharma,Painting,12,4.9,6,1,28.429498,77.188561
W0502,Vivek Kumar,Plumbing,19,4.1,3,1,28.923148,77.222896
W0503,Pankaj Joshi,Electrical,4,3.5,6,1,28.777426,77.528233
W0504,Vivek Agarwal,Cleaning,19,4.1,3,1,28.568036,77.028423
W0505,Vivek Kumar,Plumbing,15,3.6,5,1,28.584562,77.004942
W0506,Amit Kumar,Gardening,7,4.3,3,1,28.59475,77.233749
W0507,Manoj Joshi,Plumbing,10,3.2,0,1,28.975622,77.509032
W0508,Mohit Gupta,Plumbing,16,4.3,0,1,28.531107,77.58391
W0509,Suresh Verma,Electrical,14,3.6,4,1,28.497742,77.194971
W0510,Ravi Singh,Painting,4,3.3,7,1,28.817988,77.004964
W0511,Karan Gupta,Gardening,14,4.9,4,1,29.144298,76.961365
W0512,Anil Mishra,Gardening,7,4.1,7,1,28.876208,77.501794
W0513,Deepak Sharma,Gardening,13,3.1,4,1,28.962479,77.412934
W0514,Suresh Singh,Painting,20,4.1,10,0,28.412032,76.823158
W0515,Amit Sharma,Painting,5,4.4,3,1,28.457954,76.830442
W0516,Rohit Verma,Electrical,1,4.3,1,1,28.624952,77.659303
W0517,Pankaj Agarwal,Gardening,8,3.7,6,1,28.732975,77.442281
W0518,Deepak Yadav,Cleaning,13,3.2,4,1,29.01931,77.084707
W0519,Deepak Mishra,Carpentry,6,4.2,10,1,28.579456,77.17942
W0520,Pankaj Verma,Carpentry,11,3.6,5,1,29.01263,77.006482
W0521,Rohit Gupta,Plumbing,14,4.4,0,1,28.710481,77.705418
W0522,Mohit Agarwal,Plumbing,7,3.1,2,1,28.541055,77.531573
W0523,Manoj Singh,Plumbing,16,3.2,0,1,28.780719,77.153575
W0524,Amit Gupta,Carpentry,6,3.1,3,0,29.034937,77.715271
W0525,Anil Mishra,Painting,7,3.1,1,1,28.600062,77.21886
W0526,Karan Gupta,Gardening,6,4.6,7,0,28.90861,77.216014
W0527,Ravi Agarwal,Carpentry,14,4.6,8,1,28.591821,77.46809
W0528,Vivek Kumar,Carpentry,3,3.5,0,1,29.039951,77.644301
W0529,Karan Patel,Painting,2,3.0,0,1,29.087461,77.588395
W0530,Amit Patel,Plumbing,16,4.5,8,1,28.624966,77.107987
W0531,Manoj Mishra,Painting,6,3.5,10,0,29.0867,77.658819
W0532,Vikas Yadav,Carpentry,16,4.0,4,0,28.525263,76.925309
W0533,Karan Sharma,Plumbing,11,3.4,3,1,28.582987,76.956431
W0534,Vivek Gupta,Gardening,1,4.5,9,1,28.949868,76.815293
W0535,Arun Singh,Cleaning,6,3.7,5,1,28.709411,77.172675
W0536,Vikas Verma,Carpentry,3,3.2,5,0,28.634131,77.003033
W0537,Sunil Joshi,Cleaning,7,3.7,6,0,28.449004,77.173509
W0538,Sunil Yadav,Cleaning,8,3.7,10,1,29.063335,77.090327
W0539,Anil Yadav,Electrical,2,3.3,1,1,28.882937,77.534056
W0540,Vivek Singh,Carpentry,9,3.2,5,1,28.697495,77.032882
W0541,Amit Yadav,Painting,6,4.7,0,1,29.065827,77.676188
W0542,Mohit Joshi,Gardening,19,4.0,6,1,28.568483,76.873849
W0543,Arun Sharma,Gardening,4,3.2,2,1,28.724686,77.618167
W0544,Anil Sharma,Cleaning,10,3.8,8,1,28.599604,77.757262
W0545,Pankaj Mishra,Cleaning,8,4.0,10,1,28.919084,77.244511
W0546,Manoj Agarwal,Carpentry,18,3.6,6,1,28.748164,77.286197
W0547,Sunil Yadav,Electrical,19,3.2,1,0,28.834601,77.429736
W0548,Anil Patel,Gardening,18,3.5,8,1,29.094699,77.336184
W0549,Ravi Joshi,Plumbing,11,4.3,8,1,29.069017,77.641131
W0550,Mohit Kumar,Carpentry,17,4.3,6,1,29.007879,77.756782
W0551,Arun Gupta,Plumbing,2,4.0,8,0,28.437292,77.37966
W0552,Vivek Agarwal,Plumbing,2,4.4,9,0,29.08326,77.455572
W0553,Suresh Patel,Plumbing,14,4.3,10,1,28.794864,77.445975
W0554,Suresh Agarwal,Plumbing,4,4.0,0,0,28.552811,77.36425
W0555,Vivek Gupta,Electrical,9,3.6,0,1,28.598754,76.805842
W0556,Karan Verma,Painting,10,4.2,5,1,28.652818,76.981189
W0557,Amit Yadav,Cleaning,18,4.5,8,0,28.483862,77.406357
W0558,Karan Agarwal,Cleaning,12,4.4,10,1,29.071031,76.864187
W0559,Vivek Singh,Carpentry,10,4.5,8,1,28.425512,77.465722
W0560,Vivek Verma,Cleaning,6,4.8,5,1,28.744079,77.264641
W0561,Ravi Agarwal,Cleaning,6,4.2,5,1,28.860972,77.379227
W0562,Arun Kumar,Plumbing,14,3.5,9,1,29.110134,77.415027
W0563,Vikas Patel,Plumbing,8,3.8,2,1,28.936195,77.656095
W0564,Pankaj Singh,Painting,3,4.5,6,1,28.835196,77.193256
W0565,Anil Gupta,Painting,5,3.0,7,0,29.075086,77.18928
W0566,Rohit Verma,Plumbing,3,3.9,5,1,28.741509,76.820298
W0567,Rohit Joshi,Gardening,1,3.2,3,1,29.064239,77.09139
W0568,Vikas Mishra,Painting,14,4.2,1,1,28.980976,76.872424
W0569,Vikas Sharma,Electrical,20,3.1,0,1,29.151892,77.469665
W0570,Manoj Verma,Carpentry,13,3.0,9,1,28.704997,77.474671
W0571,Deepak Kumar,Electrical,17,4.7,1,1,28.514724,77.70627
W0572,Ravi Gupta,Gardening,5,4.0,4,1,28.569472,77.097866
W0573,Suresh Mishra,Painting,6,3.0,0,1,28.595106,77.137005
W0574,Ravi Joshi,Plumbing,6,3.5,8,1,28.678953,76.942462
W0575,Karan Joshi,Electrical,3,4.6,2,1,28.892165,77.480815
W0576,Vivek Kumar,Carpentry,19,3.5,1,1,28.881864,77.340804
W0577,Manoj Agarwal,Painting,10,4.0,2,1,29.037978,77.133332
W0578,Mohit Mishra,Cleaning,3,4.9,8,1,28.760818,77.027097
W0579,Arun Gupta,Plumbing,2,4.6,6,1,29.09463,76.935494
W0580,Vikas Singh,Plumbing,15,3.4,3,1,28.432017,76.985045
W0581,Vivek Singh,Cleaning,19,3.5,0,1,29.070045,77.095224
W0582,Suresh Patel,Painting,18,4.9,4,1,28.462951,77.07302
W0583,Mohit Verma,Plumbing,20,3.2,8,0,29.146478,77.180036
W0584,Deepak Singh,Cleaning,19,3.4,6,1,29.02171,76.859155
W0585,Ravi Verma,Carpentry,13,3.7,4,1,28.440206,77.158194
W0586,Vivek Verma,Painting,9,3.4,9,1,28.976546,77.303855
W0587,Karan Verma,Cleaning,12,4.2,7,1,29.177158,77.023001
W0588,Sunil Agarwal,Gardening,6,3.1,3,1,28.806818,76.905418
W0589,Anil Gupta,Cleaning,18,4.4,5,1,29.159816,77.116235
W0590,Rohit Mishra,Carpentry,20,3.6,0,0,28.931234,77.335018
W0591,Mohit Patel,Carpentry,15,4.4,3,0,28.871114,77.193468
W0592,Anil Kumar,Gardening,7,3.7,6,1,28.977552,77.285469
W0593,Suresh Joshi,Painting,10,4.8,10,1,28.860773,77.224068
W0594,Anil Verma,Painting,19,3.9,3,1,28.983929,77.787287
W0595,Rohit Gupta,Plumbing,4,4.1,2,0,28.711634,77.362688
W0596,Arun Sharma,Gardening,15,3.4,7,0,28.876877,77.537919
W0597,Karan Sharma,Carpentry,19,4.9,8,1,28.926565,77.684045
W0598,Anil Agarwal,Painting,8,3.3,6,1,28.430426,77.507425
W0599,Deepak Singh,Plumbing,14,4.9,8,1,28.880681,77.593815
W0600,Ravi Joshi,Carpentry,17,4.2,7,1,28.782286,77.217838
W0601,Sunil Sharma,Plumbing,12,4.3,5,1,28.971809,77.598267
W0602,Mohit Verma,Painting,12,3.2,10,1,28.514535,77.357094
W0603,Suresh Joshi,Painting,20,4.8,9,1,28.52961,77.783284
W0604,Amit Mishra,Carpentry,13,3.1,0,1,28.677386,77.319688
W0605,Mohit Joshi,Gardening,19,4.1,0,0,29.153194,77.280091
W0606,Deepak Sharma,Painting,6,3.4,8,1,28.696081,76.988903
W0607,Rajesh Sharma,Gardening,11,4.7,9,1,29.0922,77.322471
W0608,Vivek Singh,Cleaning,18,4.2,7,1,29.015239,77.126508
W0609,Ravi Singh,Painting,20,5.0,10,1,29.115838,77.496716
W0610,Pankaj Sharma,Cleaning,18,4.3,2,0,28.97138,77.533793
W0611,Vivek Agarwal,Electrical,18,3.9,6,1,29.131751,76.851044
W0612,Rohit Kumar,Gardening,5,4.7,6,1,29.081501,77.754938
W0613,Mohit Singh,Cleaning,13,4.2,8,0,28.741352,77.493126
W0614,Pankaj Verma,Electrical,1,3.4,3,1,29.011735,77.1507
W0615,Deepak Mishra,Painting,7,4.3,5,0,28.65563,77.359686
W0616,Vivek Agarwal,Electrical,6,3.0,0,0,28.507244,77.488982
W0617,Deepak Mishra,Gardening,9,3.4,10,0,28.942249,77.290337
W0618,Ravi Patel,Painting,12,4.5,10,1,28.586818,77.770005
W0619,Anil Singh,Electrical,14,3.7,8,0,28.965009,77.569374
W0620,Mohit Agarwal,Plumbing,13,4.0,7,1,28.69703,77.227418
W0621,Arun Joshi,Painting,2,3.3,10,1,29.080239,77.795776
W0622,Amit Singh,Painting,12,4.1,8,1,29.072898,77.692902
W0623,Arun Agarwal,Plumbing,1,5.0,4,1,28.79551,77.188895
W0624,Amit Agarwal,Carpentry,2,3.6,6,1,29.17627,77.555179
W0625,Rohit Joshi,Gardening,10,5.0,7,1,28.427074,77.232577
W0626,Vivek Agarwal,Plumbing,4,3.4,4,1,29.114418,76.924992
W0627,Manoj Patel,Carpentry,1,3.9,1,1,28.881773,77.691623
W0628,Manoj Patel,Gardening,1,3.7,8,1,28.981626,77.195381
W0629,Rohit Patel,Gardening,14,4.2,8,1,29.184859,77.367997
W0630,Arun Patel,Cleaning,1,3.5,6,0,29.009298,77.018256
W0631,Arun Sharma,Plumbing,13,4.4,7,1,28.406448,77.266521
W0632,Suresh Mishra,Electrical,20,4.3,9,1,28.43784,77.20386
W0633,Vikas Patel,Carpentry,8,5.0,8,1,28.462199,77.276082
W0634,Suresh Gupta,Cleaning,20,4.5,5,0,29.166117,77.13174
W0635,Vivek Kumar,Gardening,10,3.3,5,1,29.106297,77.496727
W0636,Vivek Patel,Carpentry,5,4.8,3,1,29.186598,77.742065
W0637,Vikas Gupta,Plumbing,17,4.2,2,1,28.987327,76.844888
W0638,Vivek Verma,Gardening,1,3.0,3,1,28.909015,76.850406
W0639,Deepak Kumar,Carpentry,9,4.0,9,1,28.653837,77.426404
W0640,Rohit Joshi,Gardening,20,3.1,1,1,29.005268,77.367915
W0641,Karan Verma,Painting,4,3.7,2,1,29.084546,77.053178
W0642,Anil Mishra,Carpentry,18,3.6,5,1,28.93299,77.613442
W0643,Rohit Kumar,Gardening,10,3.6,9,1,28.90242,77.150765
W0644,Manoj Agarwal,Carpentry,13,3.3,5,0,28.714854,76.815165
W0645,Arun Patel,Cleaning,14,3.8,5,1,28.911606,77.767515
W0646,Pankaj Agarwal,Painting,4,4.0,7,1,28.678448,77.083386
W0647,Sunil Yadav,Electrical,19,3.2,6,1,28.899906,77.204527
W0648,Arun Kumar,Cleaning,10,3.9,3,1,28.996023,77.799141
W0649,Rajesh Sharma,Plumbing,7,3.1,8,1,28.804784,77.492041
W0650,Deepak Sharma,Electrical,7,4.4,1,1,28.503899,77.506033
W0651,Anil Singh,Carpentry,16,3.8,7,1,28.671937,76.849046
W0652,Rajesh Singh,Plumbing,4,3.3,3,1,28.590233,77.493494
W0653,Rohit Sharma,Plumbing,4,4.6,2,1,28.87556,77.260007
W0654,Manoj Singh,Electrical,9,4.1,4,0,28.855735,77.448928
W0655,Suresh Gupta,Carpentry,10,4.6,0,1,29.19676,77.274216
W0656,Rajesh Mishra,Cleaning,13,4.3,1,1,28.809905,77.216331
W0657,Arun Yadav,Carpentry,17,3.1,5,1,29.139723,77.293819
W0658,Anil Patel,Painting,1,3.2,4,1,29.097858,77.589454
W0659,Suresh Patel,Carpentry,17,3.1,10,1,28.523104,77.140537
W0660,Vikas Verma,Electrical,18,4.2,5,1,28.534576,76.968758
W0661,Anil Gupta,Plumbing,9,3.8,8,1,28.580779,77.72884
W0662,Vikas Agarwal,Plumbing,13,4.4,6,1,28.701014,77.391139
W0663,Deepak Patel,Painting,1,4.5,2,1,29.19238,77.529547
W0664,Suresh Verma,Gardening,6,4.7,4,0,28.828203,77.218602
W0665,Karan Patel,Plumbing,18,3.5,1,0,28.858403,77.111253
W0666,Manoj Kumar,Painting,13,5.0,3,1,29.008037,77.719501
W0667,Rajesh Verma,Cleaning,7,3.7,8,1,29.125898,77.241418
W0668,Vivek Joshi,Plumbing,13,3.9,4,0,28.614132,77.037739
W0669,Rajesh Agarwal,Carpentry,5,3.3,7,1,29.1193,77.769236
W0670,Pankaj Verma,Carpentry,8,3.6,2,0,29.099902,76.872783
W0671,Amit Sharma,Gardening,4,4.3,4,1,28.500885,76.951542
W0672,Rohit Agarwal,Electrical,9,3.3,9,1,28.977262,77.285344
W0673,Mohit Sharma,Cleaning,4,4.8,8,1,29.131093,76.910655
W0674,Arun Gupta,Cleaning,8,3.5,2,1,28.553709,76.811313
W0675,Anil Mishra,Cleaning,7,3.7,8,1,28.954478,77.744369
W0676,Ravi Gupta,Gardening,13,5.0,10,1,28.941425,77.523656
W0677,Mohit Kumar,Cleaning,6,4.2,1,1,28.959589,76.976656
W0678,Rajesh Joshi,Electrical,6,4.0,1,1,29.138987,77.233363
W0679,Mohit Gupta,Electrical,19,3.6,4,1,29.160038,77.3235
W0680,Sunil Joshi,Painting,17,4.3,3,1,28.446285,77.726167
W0681,Vivek Singh,Carpentry,15,4.3,8,1,29.081776,76.854489
W0682,Suresh Mishra,Painting,8,3.1,2,1,28.453487,77.093253
W0683,Pankaj Agarwal,Gardening,10,4.5,8,1,28.694664,77.00651
W0684,Rohit Gupta,Cleaning,13,3.4,4,1,28.891342,77.673112
W0685,Manoj Patel,Painting,16,3.6,10,1,28.752425,77.016187
W0686,Pankaj Yadav,Gardening,12,4.2,4,1,29.008269,77.267488
W0687,Karan Sharma,Painting,7,4.0,1,1,28.49006,77.202242
W0688,Deepak Yadav,Cleaning,16,3.6,9,1,28.488527,77.397233
W0689,Amit Gupta,Carpentry,4,3.8,7,0,28.686216,77.381094
W0690,Suresh Yadav,Painting,18,4.2,1,1,28.700957,76.902311
W0691,Karan Joshi,Carpentry,17,4.9,5,0,28.616793,77.427537
W0692,Anil Agarwal,Cleaning,12,4.5,0,1,28.659967,76.841927
W0693,Sunil Agarwal,Electrical,8,4.2,4,1,28.444395,77.257888
W0694,Anil Mishra,Electrical,11,3.2,5,1,28.641459,77.502379
W0695,Mohit Patel,Plumbing,2,3.0,4,1,28.471065,77.330552
W0696,Suresh Patel,Carpentry,17,3.3,3,0,28.667965,77.318877
W0697,Anil Kumar,Painting,13,3.5,9,1,28.594235,76.820867
W0698,Suresh Mishra,Painting,10,3.6,8,0,28.589225,77.472149
W0699,Arun Mishra,Gardening,16,4.7,4,1,28.516611,77.720592
W0700,Vivek Kumar,Electrical,8,4.5,0,0,29.188146,77.636978
W0701,Anil Yadav,Cleaning,18,3.7,7,1,29.170907,77.471798
W0702,Rohit Mishra,Cleaning,10,3.2,8,1,28.639981,77.575391
W0703,Rohit Patel,Painting,15,4.7,9,1,29.041038,77.329048
W0704,Vivek Yadav,Cleaning,18,3.8,2,1,28.736544,77.439159
W0705,Mohit Verma,Gardening,10,4.7,8,1,28.57386,76.997451
W0706,Amit Mishra,Electrical,9,4.4,6,1,29.161991,77.321261
W0707,Ravi Verma,Electrical,8,4.9,6,1,28.649715,77.346159
W0708,Anil Mishra,Plumbing,5,3.2,3,1,28.90449,77.133339
W0709,Pankaj Mishra,Cleaning,4,4.2,8,1,29.181614,77.758727
W0710,Vivek Sharma,Plumbing,13,4.4,0,1,29.045289,77.743895
W0711,Rohit Patel,Painting,19,4.3,9,0,28.552307,76.857543
W0712,Sunil Agarwal,Gardening,5,4.9,2,1,28.887319,77.499712
W0713,Suresh Joshi,Gardening,3,3.7,6,1,28.672793,77.699691
W0714,Anil Mishra,Painting,14,3.9,10,1,28.623695,77.658684
W0715,Anil Patel,Plumbing,15,4.2,4,1,28.977564,77.523633
W0716,Arun Singh,Plumbing,3,4.5,3,1,28.67971,77.547352
W0717,Deepak Kumar,Electrical,9,4.9,5,1,28.809796,77.127909
W0718,Manoj Kumar,Electrical,5,3.9,9,1,28.568342,76.990511
W0719,Vikas Gupta,Painting,6,4.2,5,1,28.418271,76.884494
W0720,Ravi Verma,Painting,18,4.9,3,1,28.682525,77.408054
W0721,Pankaj Gupta,Carpentry,12,3.6,8,1,29.008699,77.069587
W0722,Amit Mishra,Painting,17,3.4,7,0,29.037851,77.371968
W0723,Arun Singh,Cleaning,7,4.3,7,1,29.142536,77.288626
W0724,Amit Mishra,Cleaning,11,4.9,0,1,28.734876,77.343147
W0725,Vivek Agarwal,Cleaning,5,3.3,6,1,28.986266,77.747922
W0726,Karan Patel,Cleaning,1,3.1,2,0,28.93849,77.38166
W0727,Karan Verma,Plumbing,14,4.4,2,1,28.967707,77.475782
W0728,Arun Mishra,Plumbing,12,3.2,5,1,28.887216,77.51361
W0729,Manoj Gupta,Plumbing,16,4.6,0,1,28.518576,76.91226
W0730,Anil Kumar,Gardening,17,4.5,1,1,29.126766,77.51317
W0731,Manoj Singh,Gardening,9,3.0,3,0,28.914967,77.202714
W0732,Pankaj Kumar,Electrical,20,3.7,9,1,28.503715,77.650293
W0733,Rohit Joshi,Cleaning,9,3.7,1,1,29.188238,76.889014
W0734,Suresh Mishra,Carpentry,1,4.9,9,1,28.616936,77.043403
W0735,Deepak Yadav,Cleaning,18,4.3,8,0,29.128997,77.357438
W0736,Deepak Singh,Carpentry,8,3.2,5,1,29.117217,77.28467
W0737,Vikas Kumar,Electrical,13,4.1,6,1,28.974682,77.093959
W0738,Arun Patel,Gardening,14,4.1,8,0,29.17237,77.515474
W0739,Karan Joshi,Plumbing,13,4.4,5,1,28.570667,77.649932
W0740,Arun Yadav,Gardening,12,3.6,6,1,29.066629,77.615446
W0741,Rohit Joshi,Painting,1,4.0,6,1,28.967536,77.452519
W0742,Mohit Gupta,Painting,11,4.9,10,1,29.133935,77.068336
W0743,Anil Kumar,Plumbing,20,3.1,5,1,28.532032,77.3005
W0744,Sunil Sharma,Gardening,17,4.5,4,0,28.651258,77.688506
W0745,Karan Kumar,Cleaning,15,4.9,6,1,28.534844,77.31086
W0746,Rohit Agarwal,Gardening,14,3.1,8,1,28.427177,77.362822
W0747,Arun Gupta,Painting,14,3.6,6,0,28.483585,77.492001
W0748,Rohit Kumar,Cleaning,4,3.7,5,1,29.012741,77.084963
W0749,Arun Yadav,Plumbing,6,3.9,0,1,28.927424,77.213443
W0750,Mohit Gupta,Plumbing,12,4.6,10,1,28.527801,77.588356
W0751,Karan Mishra,Painting,11,4.5,1,0,28.492925,77.418532
W0752,Vivek Gupta,Carpentry,20,4.1,1,1,28.513358,76.863932
W0753,Vikas Agarwal,Plumbing,6,4.1,9,1,28.974291,77.01004
W0754,Arun Verma,Gardening,15,4.4,0,1,29.025271,76.812752
W0755,Rohit Singh,Cleaning,4,4.9,4,1,28.636397,77.102487
W0756,Manoj Yadav,Carpentry,13,4.5,10,1,29.179774,77.286827
W0757,Pankaj Verma,Cleaning,16,4.9,3,1,29.182131,77.646008
W0758,Rajesh Yadav,Plumbing,15,3.1,4,1,28.493668,76.989729
W0759,Deepak Joshi,Plumbing,6,4.8,9,1,28.950865,77.200444
W0760,Sunil Yadav,Electrical,2,4.9,7,1,28.66793,77.416322
W0761,Karan Sharma,Electrical,18,3.3,0,1,28.468543,77.466531
W0762,Sunil Joshi,Gardening,6,3.0,9,1,28.417234,76.985628
W0763,Pankaj Mishra,Electrical,13,4.1,3,1,28.926467,77.444538
W0764,Anil Mishra,Painting,1,3.7,3,0,28.446776,77.133626
W0765,Manoj Mishra,Painting,14,3.5,9,0,28.681648,77.786837
W0766,Manoj Agarwal,Gardening,10,4.5,5,1,28.838443,77.359919
W0767,Sunil Sharma,Carpentry,6,3.5,6,1,28.899772,77.363931
W0768,Deepak Singh,Painting,11,5.0,6,0,28.81464,77.271423
W0769,Amit Verma,Gardening,8,4.6,4,1,29.181216,77.006077
W0770,Arun Joshi,Plumbing,6,3.7,9,0,28.419593,76.97986
W0771,Manoj Mishra,Gardening,13,4.0,4,0,28.985573,77.119366
W0772,Arun Kumar,Cleaning,8,4.2,10,1,28.673536,77.351796
W0773,Arun Agarwal,Cleaning,16,3.3,1,1,28.453111,76.812637
W0774,Deepak Verma,Painting,2,4.4,5,0,29.001001,77.719024
W0775,Anil Joshi,Painting,10,4.8,9,1,28.96869,77.710227
W0776,Pankaj Sharma,Plumbing,8,4.9,10,0,28.581972,76.812094
W0777,Karan Mishra,Carpentry,12,3.6,0,1,28.536452,77.513475
W0778,Mohit Sharma,Plumbing,16,3.8,5,0,28.453314,77.594344
W0779,Deepak Gupta,Painting,2,3.0,7,1,28.677325,77.54857
W0780,Vikas Kumar,Painting,20,4.6,5,1,28.45263,76.930458
W0781,Manoj Agarwal,Carpentry,2,3.2,9,0,28.618572,77.128549
W0782,Rohit Gupta,Gardening,13,3.2,5,1,28.610114,77.539758
W0783,Vikas Sharma,Electrical,8,3.2,9,0,28.449736,76.984755
W0784,Rohit Sharma,Carpentry,10,4.1,3,0,28.528585,77.582867
W0785,Manoj Joshi,Gardening,12,4.9,7,1,28.957193,77.191448
W0786,Vivek Gupta,Carpentry,5,3.0,9,1,28.964978,77.590559
W0787,Pankaj Joshi,Cleaning,16,3.6,0,1,28.893344,77.652307
W0788,Manoj Kumar,Carpentry,6,3.9,10,1,29.153611,77.116846
W0789,Ravi Verma,Electrical,5,4.7,2,1,28.42096,77.15825
W0790,Mohit Sharma,Gardening,17,4.6,4,0,28.749333,77.052939
W0791,Amit Agarwal,Carpentry,4,3.1,1,1,28.538624,77.354712
W0792,Amit Mishra,Plumbing,9,4.0,9,1,28.955216,76.812001
W0793,Deepak Agarwal,Painting,20,3.4,0,1,28.744646,76.982601
W0794,Mohit Singh,Painting,10,4.5,7,1,28.738779,77.432694
W0795,Karan Sharma,Plumbing,14,3.0,4,1,28.544823,76.967379
W0796,Ravi Gupta,Gardening,14,4.9,0,1,28.638902,77.474474
W0797,Mohit Agarwal,Painting,15,4.1,1,0,29.161071,77.550949
W0798,Suresh Patel,Gardening,11,3.7,9,1,28.743265,77.061924
W0799,Pankaj Gupta,Cleaning,14,4.8,6,1,29.174896,77.646124
W0800,Pankaj Mishra,Plumbing,20,3.8,7,1,28.455372,77.774157
W0801,Arun Verma,Plumbing,3,3.3,1,0,29.06933,76.94643
W0802,Amit Yadav,Gardening,11,4.2,5,1,29.153839,77.569252
W0803,Deepak Singh,Electrical,7,4.9,0,1,28.93099,77.070165
W0804,Vivek Agarwal,Electrical,6,4.2,10,1,29.013357,76.921642
W0805,Vikas Verma,Electrical,14,3.8,6,0,28.428901,77.028404
W0806,Manoj Mishra,Carpentry,6,4.0,3,1,28.884355,76.994157
W0807,Ravi Verma,Painting,4,4.3,3,1,28.936245,77.7645
W0808,Deepak Verma,Carpentry,9,4.9,4,0,28.833925,77.16531
W0809,Amit Sharma,Gardening,18,4.9,10,0,28.701532,77.04421
W0810,Rohit Gupta,Painting,4,4.0,1,1,28.4415,77.572762
W0811,Pankaj Verma,Electrical,20,4.6,3,1,28.929009,77.708799
W0812,Vikas Verma,Electrical,1,3.3,6,0,28.847679,77.465563
W0813,Sunil Gupta,Electrical,9,4.0,8,0,28.692393,77.55485
W0814,Rohit Gupta,Carpentry,9,4.9,0,1,28.703426,76.851161
W0815,Rajesh Verma,Carpentry,8,4.7,1,1,28.650667,77.608543
W0816,Ravi Mishra,Cleaning,2,3.9,8,1,28.512664,77.284824
W0817,Arun Patel,Cleaning,18,4.7,2,1,28.54742,77.658655
W0818,Deepak Patel,Gardening,5,3.6,3,1,28.619834,76.897665
W0819,Rajesh Agarwal,Cleaning,11,3.1,10,1,28.775953,77.087838
W0820,Ravi Gupta,Carpentry,2,3.6,6,1,28.460588,76.853207
W0821,Vikas Yadav,Cleaning,2,3.9,6,1,28.500145,77.330664
W0822,Arun Sharma,Cleaning,14,3.0,7,0,28.869181,77.205734
W0823,Karan Agarwal,Painting,13,4.5,3,1,28.588185,77.754939
W0824,Ravi Gupta,Carpentry,10,4.6,5,1,28.692117,76.899797
W0825,Karan Yadav,Cleaning,19,4.6,6,1,29.194729,77.663974
W0826,Suresh Agarwal,Gardening,9,4.7,3,1,28.851788,76.981739
W0827,Anil Kumar,Electrical,10,3.5,5,1,29.183416,77.355378
W0828,Vivek Joshi,Gardening,16,3.0,5,1,28.800288,77.605798
W0829,Manoj Verma,Cleaning,8,3.5,8,1,29.001701,77.315436
W0830,Vikas Mishra,Carpentry,7,3.9,4,1,28.556459,76.84976
W0831,Karan Yadav,Electrical,13,3.2,10,1,28.690718,77.577877
W0832,Vikas Joshi,Cleaning,8,3.1,1,0,29.109741,77.572954
W0833,Pankaj Yadav,Cleaning,5,4.1,1,0,29.173887,77.792406
W0834,Suresh Verma,Cleaning,9,3.1,6,1,28.513189,77.215639
W0835,Rajesh Verma,Plumbing,20,3.9,5,1,28.840049,77.766709
W0836,Ravi Kumar,Gardening,8,3.7,0,1,28.876719,77.3936
W0837,Manoj Joshi,Cleaning,15,4.9,8,0,28.79406,77.487421
W0838,Pankaj Singh,Plumbing,11,3.1,2,1,28.454301,77.032344
W0839,Vivek Mishra,Electrical,11,4.2,9,1,29.066964,77.292568
W0840,Sunil Verma,Gardening,5,3.2,9,1,28.556232,77.458576
W0841,Karan Kumar,Plumbing,7,3.5,10,1,28.518579,77.15938
W0842,Pankaj Joshi,Gardening,7,4.0,9,1,28.896588,77.402118
W0843,Rohit Mishra,Plumbing,3,3.1,4,1,28.684871,77.182964
W0844,Rajesh Verma,Carpentry,3,3.2,8,0,28.944711,77.522313
W0845,Pankaj Gupta,Painting,16,3.4,4,1,29.014247,77.732065
W0846,Arun Sharma,Cleaning,6,3.3,10,1,28.839305,77.265147
W0847,Suresh Joshi,Carpentry,6,4.4,0,1,28.742661,77.18846
W0848,Vikas Singh,Plumbing,17,4.7,8,0,28.983948,77.689106
W0849,Suresh Sharma,Cleaning,14,4.2,3,1,29.095233,77.48186
W0850,Arun Gupta,Cleaning,12,4.6,10,0,28.41653,77.044714
W0851,Anil Kumar,Cleaning,8,4.0,7,1,28.604593,77.194035
W0852,Anil Gupta,Carpentry,8,4.0,4,1,28.583082,76.906579
W0853,Arun Verma,Electrical,14,4.6,3,1,28.59292,77.648043
W0854,Rajesh Yadav,Painting,1,4.9,7,1,28.476863,77.230496
W0855,Karan Sharma,Electrical,12,3.9,1,1,28.98148,77.271922
W0856,Karan Mishra,Cleaning,2,4.2,3,1,29.14952,77.481543
W0857,Mohit Yadav,Gardening,18,4.2,7,0,28.84462,77.134876
W0858,Vikas Joshi,Plumbing,1,3.3,1,1,28.645657,77.021586
W0859,Sunil Gupta,Carpentry,12,3.3,1,1,28.719737,77.771872
W0860,Karan Verma,Painting,6,4.7,8,1,28.670321,77.714403
W0861,Rohit Verma,Cleaning,18,3.1,1,1,29.043667,77.755512
W0862,Mohit Singh,Plumbing,12,4.2,0,1,28.401216,77.422501
W0863,Anil Joshi,Gardening,7,4.8,8,1,29.015545,77.320125
W0864,Arun Yadav,Cleaning,16,3.7,8,1,28.476159,77.601216
W0865,Deepak Sharma,Cleaning,14,3.4,2,1,28.571616,76.973457
W0866,Amit Gupta,Cleaning,6,3.4,1,1,28.794106,77.437398
W0867,Amit Patel,Gardening,20,4.6,0,1,29.007036,76.930386
W0868,Deepak Patel,Carpentry,6,3.5,0,1,28.7658,77.638813
W0869,Karan Agarwal,Carpentry,20,3.3,6,1,28.992946,77.629286
W0870,Deepak Sharma,Electrical,7,4.7,1,1,29.061159,77.799273
W0871,Pankaj Gupta,Electrical,15,3.8,6,1,29.168257,77.141398
W0872,Ravi Singh,Electrical,11,4.2,4,0,28.510475,77.336689
W0873,Vivek Gupta,Carpentry,2,3.5,8,1,28.849265,76.929204
W0874,Manoj Singh,Carpentry,3,4.2,5,1,28.637043,76.94361
W0875,Arun Singh,Cleaning,4,4.0,2,1,28.419565,77.125526
W0876,Arun Kumar,Plumbing,13,4.1,9,1,29.038313,77.275461
W0877,Ravi Patel,Gardening,7,4.3,5,1,29.141291,77.274946
W0878,Deepak Sharma,Cleaning,17,3.4,6,0,28.429027,77.369263
W0879,Rohit Singh,Carpentry,17,4.3,2,0,29.134985,77.080557
W0880,Rohit Gupta,Painting,8,3.5,5,1,28.846519,77.079956
W0881,Karan Kumar,Electrical,4,3.9,2,0,28.808829,76.914389
W0882,Vikas Singh,Gardening,2,4.0,2,1,28.862076,77.0394
W0883,Manoj Verma,Painting,7,4.2,3,1,29.164859,77.370862
W0884,Manoj Verma,Painting,14,3.8,7,1,28.854925,76.810757
W0885,Pankaj Gupta,Carpentry,10,4.5,0,1,29.058341,77.132276
W0886,Ravi Sharma,Gardening,11,4.3,7,1,28.596025,76.976606
W0887,Arun Verma,Painting,19,3.8,8,1,28.951665,77.737721
W0888,Vikas Yadav,Electrical,3,4.2,7,1,28.709617,76.998714
W0889,Vikas Joshi,Painting,19,3.9,10,1,29.064093,76.807533
W0890,Anil Mishra,Painting,13,3.3,10,0,28.683117,77.65362
W0891,Arun Patel,Plumbing,19,4.6,0,1,28.611888,76.851649
W0892,Vikas Patel,Carpentry,5,4.9,8,1,28.738617,77.157519
W0893,Rohit Gupta,Gardening,17,3.8,7,1,28.908577,76.968793
W0894,Vivek Kumar,Cleaning,13,3.5,10,1,28.468004,77.000937
W0895,Anil Gupta,Painting,1,4.7,4,1,28.809764,77.202837
W0896,Mohit Singh,Electrical,9,3.1,3,1,28.989738,77.73554
W0897,Vivek Kumar,Carpentry,1,4.9,6,1,28.904249,77.565498
W0898,Arun Yadav,Cleaning,5,4.0,1,1,28.97328,77.011302
W0899,Vikas Mishra,Cleaning,3,4.9,1,1,29.03111,77.578788
W0900,Anil Verma,Gardening,14,4.8,3,1,28.831747,77.629901
W0901,Sunil Gupta,Gardening,12,4.0,4,1,28.791039,77.568727
W0902,Amit Kumar,Gardening,16,4.1,8,0,28.888337,77.082226
W0903,Amit Singh,Painting,4,4.7,5,1,28.872696,77.083468
W0904,Deepak Sharma,Electrical,6,3.4,4,0,29.198917,77.248162
W0905,Deepak Joshi,Cleaning,17,3.3,7,1,28.928937,77.564426
W0906,Vivek Joshi,Plumbing,5,3.1,5,0,28.453406,77.720541
W0907,Rajesh Joshi,Plumbing,12,3.4,4,1,28.796726,77.342445
W0908,Manoj Yadav,Plumbing,12,3.7,8,1,28.9011,77.52147
W0909,Ravi Gupta,Carpentry,18,4.1,5,1,28.875505,77.751049
W0910,Pankaj Gupta,Painting,3,4.1,0,1,28.633318,77.713098
W0911,Arun Patel,Gardening,8,4.1,8,0,28.668327,77.354717
W0912,Mohit Gupta,Gardening,12,4.1,7,0,28.824754,77.744138
W0913,Rajesh Kumar,Plumbing,2,3.0,0,1,28.526077,77.632175
W0914,Vikas Joshi,Cleaning,4,4.7,7,0,28.920965,77.393032
W0915,Manoj Joshi,Electrical,8,3.9,4,1,28.672743,77.347243
W0916,Vikas Sharma,Cleaning,7,4.9,1,1,29.050058,77.00427
W0917,Ravi Sharma,Painting,9,3.0,2,1,28.580725,77.010695
W0918,Sunil Yadav,Cleaning,2,3.3,3,1,28.58021,76.899841
W0919,Ravi Patel,Electrical,3,4.8,5,1,29.131348,77.036064
W0920,Mohit Sharma,Cleaning,17,4.8,1,1,28.628258,77.751661
W0921,Manoj Patel,Gardening,19,3.3,10,1,28.925866,77.694955
W0922,Amit Mishra,Painting,14,4.8,5,0,28.986966,76.917105
W0923,Rohit Verma,Carpentry,5,3.6,3,1,28.55505,77.747077
W0924,Vikas Sharma,Electrical,4,3.0,0,1,28.912871,77.258855
W0925,Mohit Gupta,Carpentry,17,3.4,0,1,28.606965,77.028467
W0926,Rajesh Singh,Carpentry,10,4.0,8,1,28.589854,77.500464
W0927,Manoj Singh,Carpentry,16,3.0,0,1,29.066863,77.198717
W0928,Anil Verma,Cleaning,15,4.0,9,1,28.475311,77.368858
W0929,Pankaj Verma,Gardening,7,3.1,8,0,29.190032,77.565711
W0930,Vivek Mishra,Painting,4,4.6,2,1,28.560095,76.947256
W0931,Sunil Patel,Electrical,5,3.5,3,1,28.933194,77.572206
W0932,Rajesh Patel,Cleaning,9,3.2,6,1,28.407777,77.524148
W0933,Ravi Verma,Carpentry,8,4.5,5,1,28.477292,77.163385
W0934,Rajesh Sharma,Electrical,11,3.3,2,1,28.943775,76.890932
W0935,Arun Yadav,Carpentry,4,4.8,9,1,28.945763,77.503182
W0936,Sunil Singh,Cleaning,19,3.3,1,1,28.400638,77.644718
W0937,Deepak Mishra,Gardening,16,4.6,7,1,28.787422,77.301714
W0938,Rohit Patel,Plumbing,11,3.0,6,1,28.646561,77.204181
W0939,Karan Gupta,Gardening,14,4.1,7,1,28.841715,76.923795
W0940,Mohit Yadav,Electrical,7,4.4,10,1,29.188985,77.21485
W0941,Mohit Agarwal,Plumbing,10,4.1,10,1,28.523338,77.025172
W0942,Manoj Gupta,Gardening,18,4.6,6,1,28.534287,76.964727
W0943,Manoj Mishra,Painting,4,3.7,10,1,28.565369,76.990306
W0944,Arun Agarwal,Plumbing,8,4.8,1,1,28.548242,77.743166
W0945,Karan Gupta,Electrical,5,4.2,8,1,28.401921,76.990753
W0946,Pankaj Kumar,Painting,9,3.8,6,1,29.116221,77.182083
W0947,Vikas Kumar,Gardening,20,4.4,0,1,28.767629,76.900404
W0948,Vivek Singh,Cleaning,19,4.7,0,1,28.929889,77.453589
W0949,Deepak Sharma,Cleaning,9,3.2,2,1,28.671815,77.271318
W0950,Vivek Gupta,Cleaning,17,4.2,6,1,28.439945,77.183287
W0951,Pankaj Mishra,Painting,19,3.9,5,1,28.704842,77.714579
W0952,Manoj Verma,Gardening,11,3.3,5,1,28.769306,76.801364
W0953,Mohit Joshi,Cleaning,14,3.9,3,0,28.67518,76.925606
W0954,Vivek Agarwal,Electrical,14,4.6,2,1,29.011374,77.763914
W0955,Anil Singh,Cleaning,7,3.1,8,1,28.681195,77.748617
W0956,Sunil Yadav,Painting,7,4.5,4,1,28.778474,77.230339
W0957,Rajesh Gupta,Cleaning,15,4.6,9,0,28.820911,77.238287
W0958,Vikas Verma,Painting,3,3.1,3,1,28.505522,77.497629
W0959,Sunil Singh,Plumbing,20,4.9,3,0,28.553584,77.280466
W0960,Deepak Patel,Carpentry,16,4.9,2,1,28.589872,77.128524
W0961,Arun Sharma,Carpentry,14,4.5,8,1,28.805872,77.440357
W0962,Anil Verma,Cleaning,12,3.4,3,0,28.999363,77.099887
W0963,Amit Verma,Gardening,15,4.6,6,1,28.730372,77.332121
W0964,Sunil Agarwal,Cleaning,8,3.9,7,0,28.482912,77.30302
W0965,Arun Yadav,Plumbing,15,4.1,7,0,29.050839,77.329673
W0966,Arun Agarwal,Painting,14,4.1,10,1,28.765085,77.231394
W0967,Vikas Sharma,Electrical,11,4.2,7,0,28.806712,76.991817
W0968,Rohit Agarwal,Painting,8,3.5,4,1,29.12051,77.153682
W0969,Manoj Patel,Carpentry,17,4.1,9,1,28.53366,77.047445
W0970,Amit Kumar,Plumbing,4,4.2,10,1,29.025968,76.856102
W0971,Suresh Gupta,Painting,15,3.9,4,1,28.717769,77.166034
W0972,Karan Gupta,Electrical,16,4.6,4,1,29.046576,77.499374
W0973,Pankaj Yadav,Cleaning,19,3.7,6,1,29.02279,76.953138
W0974,Deepak Mishra,Electrical,15,4.7,0,1,28.9249,77.765231
W0975,Sunil Singh,Carpentry,19,3.1,7,1,29.073579,77.683044
W0976,Rohit Mishra,Gardening,10,3.9,10,1,28.915206,77.608106
W0977,Suresh Patel,Cleaning,15,3.6,8,1,28.912,77.113292
W0978,Amit Joshi,Carpentry,19,4.4,7,0,28.949887,77.473369
W0979,Sunil Patel,Plumbing,16,4.2,10,1,29.021587,77.223542
W0980,Rohit Yadav,Painting,20,3.5,1,0,28.816724,77.17719
W0981,Vivek Agarwal,Gardening,2,4.0,0,1,29.007384,76.97964
W0982,Rajesh Verma,Cleaning,18,4.5,0,1,28.831135,77.250413
W0983,Anil Verma,Carpentry,8,4.7,1,0,28.705629,77.47086
W0984,Mohit Patel,Gardening,4,4.3,2,1,29.066847,76.811288
W0985,Sunil Patel,Painting,8,4.2,9,0,28.70708,77.272476
W0986,Rajesh Gupta,Gardening,12,4.7,7,1,28.94433,77.024424
W0987,Arun Mishra,Carpentry,15,4.7,0,1,29.087391,77.777162
W0988,Suresh Patel,Cleaning,9,4.9,4,1,28.601713,77.691232
W0989,Arun Kumar,Gardening,2,4.3,5,0,28.838787,77.716925
W0990,Arun Gupta,Plumbing,15,4.2,5,0,28.713637,77.438661
W0991,Mohit Gupta,Painting,6,4.6,2,1,28.939905,77.015763
W0992,Ravi Yadav,Plumbing,18,4.1,10,1,28.408019,77.331472
W0993,Ravi Singh,Plumbing,2,4.0,4,1,28.92389,77.188391
W0994,Manoj Patel,Carpentry,2,3.5,5,0,28.867392,77.776212
W0995,Rajesh Verma,Gardening,11,3.2,2,1,28.658316,77.391199
W0996,Karan Yadav,Painting,6,4.3,10,1,29.020082,77.41637
W0997,Ravi Patel,Painting,2,4.2,10,1,29.004696,77.508806
W0998,Suresh Gupta,Plumbing,15,4.2,5,1,29.165682,77.422572
W0999,Karan Mishra,Carpentry,19,3.3,8,0,28.724381,77.188591
W1000,Vikas Singh,Electrical,20,4.3,8,0,28.729482,77.569569
